HITId,HITTypeId,Title,Description,Keywords,Reward,CreationTime,MaxAssignments,RequesterAnnotation,AssignmentDurationInSeconds,AutoApprovalDelayInSeconds,Expiration,AssignmentId,WorkerId,AssignmentStatus,AcceptTime,SubmitTime,AutoApprovalTime,WorkTimeInSeconds,LifetimeApprovalRate,Last30DaysApprovalRate,Last7DaysApprovalRate,Answer._1donebf1.yes,Answer._1donebf2.no,Answer._1donebf3.dontknow,Answer._2monitor1.cellphone,Answer._2monitor2.tablet,Answer._2monitor3.smalllaptop,Answer._2monitor4.midsize,Answer._2monitor5.largescreen,Answer._2monitor6.notsure,Answer._3cursor1.mouse,Answer._3cursor2.trackpad,Answer._3cursor3.other,Answer._4age1.lt21,Answer._4age2.21to30,Answer._4age3.31to30,Answer._4age4.41to50,Answer._4age5.over50r,Answer._5income1.lt10k,Answer._5income2.gt10klt30k,Answer._5income3.gt30klt60k,Answer._5income4.gt60klt90k,Answer._5income5.gt90k,Answer._6edu1.lthighschool,Answer._6edu2.highschool,Answer._6edu3.somecollege,Answer._6edu4.fouryearcollege,Answer._6edu5.masterorabove,Answer.annotatedResult.boundingBoxes,Answer.annotatedResult.inputImageProperties.height,Answer.annotatedResult.inputImageProperties.width,Approve,Reject
335HHSX8DGN00NZW0UELO9TXB0VHD2,3VMQHMXNFYY535P7V0MRNN4HN3BPRU,Take a short Survey and Draw a bounding box around 1 item (20 cents):,Take a 6-question survey and draw a bounding box around 1 item (20 cents):,Survey and bounding box,$0.20,Mon Nov 25 23:24:20 PST 2019,50,BatchId:3849192;OriginalHitTemplateId:928390838;,3600,86400,Tue Nov 26 23:24:20 PST 2019,30X31N5D678TE98THG4KR6NI5EBAS8,A2QLZ92VQ01A4Q,Submitted,Mon Nov 25 23:24:54 PST 2019,Mon Nov 25 23:27:09 PST 2019,Tue Nov 26 23:27:09 PST 2019,135,0% (0/0),0% (0/0),0% (0/0),TRUE,FALSE,FALSE,FALSE,FALSE,TRUE,FALSE,FALSE,FALSE,FALSE,FALSE,FALSE,FALSE,TRUE,FALSE,FALSE,FALSE,FALSE,TRUE,FALSE,FALSE,FALSE,FALSE,FALSE,FALSE,FALSE,TRUE,"[{""height"":154,""label"":""No Need to Do this Label"",""left"":146,""top"":426,""width"":396}]",683,1024,,
335HHSX8DGN00NZW0UELO9TXB0VHD2,3VMQHMXNFYY535P7V0MRNN4HN3BPRU,Take a short Survey and Draw a bounding box around 1 item (20 cents):,Take a 6-question survey and draw a bounding box around 1 item (20 cents):,Survey and bounding box,$0.20,Mon Nov 25 23:24:20 PST 2019,50,BatchId:3849192;OriginalHitTemplateId:928390838;,3600,86400,Tue Nov 26 23:24:20 PST 2019,31IBVUNM9WH42S65MRVHGUIG1YIFVV,A218BGZJ249RHB,Submitted,Mon Nov 25 23:25:31 PST 2019,Mon Nov 25 23:30:05 PST 2019,Tue Nov 26 23:30:05 PST 2019,274,0% (0/0),0% (0/0),0% (0/0),FALSE,TRUE,FALSE,FALSE,FALSE,FALSE,TRUE,FALSE,FALSE,TRUE,FALSE,FALSE,FALSE,TRUE,FALSE,FALSE,FALSE,FALSE,FALSE,TRUE,FALSE,FALSE,FALSE,FALSE,FALSE,TRUE,FALSE,"[{""height"":155,""label"":""No Need to Do this Label"",""left"":114,""top"":426,""width"":445}]",683,1024,,
335HHSX8DGN00NZW0UELO9TXB0VHD2,3VMQHMXNFYY535P7V0MRNN4HN3BPRU,Take a short Survey and Draw a bounding box around 1 item (20 cents):,Take a 6-question survey and draw a bounding box around 1 item (20 cents):,Survey and bounding box,$0.20,Mon Nov 25 23:24:20 PST 2019,50,BatchId:3849192;OriginalHitTemplateId:928390838;,3600,86400,Tue Nov 26 23:24:20 PST 2019,32M8BPYGAX45UMI0Y42GJQSYUBMIG0,A1E6E0XZ1BX1AR,Submitted,Mon Nov 25 23:25:14 PST 2019,Mon Nov 25 23:26:48 PST 2019,Tue Nov 26 23:26:48 PST 2019,94,0% (0/0),0% (0/0),0% (0/0),TRUE,FALSE,FALSE,FALSE,FALSE,FALSE,FALSE,TRUE,FALSE,TRUE,FALSE,FALSE,FALSE,TRUE,FALSE,FALSE,FALSE,FALSE,FALSE,FALSE,FALSE,TRUE,FALSE,FALSE,FALSE,TRUE,FALSE,"[{""height"":155,""label"":""No Need to Do this Label"",""left"":143,""top"":424,""width"":402}]",683,1024,,
335HHSX8DGN00NZW0UELO9TXB0VHD2,3VMQHMXNFYY535P7V0MRNN4HN3BPRU,Take a short Survey and Draw a bounding box around 1 item (20 cents):,Take a 6-question survey and draw a bounding box around 1 item (20 cents):,Survey and bounding box,$0.20,Mon Nov 25 23:24:20 PST 2019,50,BatchId:3849192;OriginalHitTemplateId:928390838;,3600,86400,Tue Nov 26 23:24:20 PST 2019,3300DTYQT6ZKR6AS5HH1SPY885OQEU,A10463CXXO00VE,Submitted,Mon Nov 25 23:27:28 PST 2019,Mon Nov 25 23:29:40 PST 2019,Tue Nov 26 23:29:40 PST 2019,132,0% (0/0),0% (0/0),0% (0/0),FALSE,TRUE,FALSE,FALSE,FALSE,FALSE,TRUE,FALSE,FALSE,FALSE,TRUE,FALSE,FALSE,FALSE,TRUE,FALSE,FALSE,FALSE,FALSE,FALSE,FALSE,TRUE,FALSE,FALSE,FALSE,FALSE,TRUE,"[{""height"":163,""label"":""No Need to Do this Label"",""left"":141,""top"":423,""width"":404}]",683,1024,,
335HHSX8DGN00NZW0UELO9TXB0VHD2,3VMQHMXNFYY535P7V0MRNN4HN3BPRU,Take a short Survey and Draw a bounding box around 1 item (20 cents):,Take a 6-question survey and draw a bounding box around 1 item (20 cents):,Survey and bounding box,$0.20,Mon Nov 25 23:24:20 PST 2019,50,BatchId:3849192;OriginalHitTemplateId:928390838;,3600,86400,Tue Nov 26 23:24:20 PST 2019,336KAV9KYUA15SPY373U3ASLABF2Y7,A3C5V0SNXXS5E7,Submitted,Mon Nov 25 23:24:31 PST 2019,Mon Nov 25 23:29:46 PST 2019,Tue Nov 26 23:29:46 PST 2019,315,0% (0/0),0% (0/0),0% (0/0),FALSE,TRUE,FALSE,FALSE,FALSE,FALSE,TRUE,FALSE,FALSE,TRUE,FALSE,FALSE,FALSE,TRUE,FALSE,FALSE,FALSE,FALSE,FALSE,TRUE,FALSE,FALSE,FALSE,FALSE,FALSE,TRUE,FALSE,"[{""height"":175,""label"":""No Need to Do this Label"",""left"":148,""top"":416,""width"":391}]",683,1024,,
335HHSX8DGN00NZW0UELO9TXB0VHD2,3VMQHMXNFYY535P7V0MRNN4HN3BPRU,Take a short Survey and Draw a bounding box around 1 item (20 cents):,Take a 6-question survey and draw a bounding box around 1 item (20 cents):,Survey and bounding box,$0.20,Mon Nov 25 23:24:20 PST 2019,50,BatchId:3849192;OriginalHitTemplateId:928390838;,3600,86400,Tue Nov 26 23:24:20 PST 2019,336YQZE83ZWTA8J72NHH7M8QLBS5ML,A3Q9UK9RCL87O8,Submitted,Mon Nov 25 23:25:43 PST 2019,Mon Nov 25 23:27:23 PST 2019,Tue Nov 26 23:27:23 PST 2019,100,0% (0/0),0% (0/0),0% (0/0),FALSE,TRUE,FALSE,FALSE,FALSE,FALSE,TRUE,FALSE,FALSE,TRUE,FALSE,FALSE,FALSE,TRUE,FALSE,FALSE,FALSE,FALSE,FALSE,TRUE,FALSE,FALSE,FALSE,FALSE,FALSE,TRUE,FALSE,"[{""height"":205,""label"":""No Need to Do this Label"",""left"":125,""top"":412,""width"":445}]",683,1024,,
335HHSX8DGN00NZW0UELO9TXB0VHD2,3VMQHMXNFYY535P7V0MRNN4HN3BPRU,Take a short Survey and Draw a bounding box around 1 item (20 cents):,Take a 6-question survey and draw a bounding box around 1 item (20 cents):,Survey and bounding box,$0.20,Mon Nov 25 23:24:20 PST 2019,50,BatchId:3849192;OriginalHitTemplateId:928390838;,3600,86400,Tue Nov 26 23:24:20 PST 2019,33L7PJKHCKGGALST9IPW5KD9H9P8TR,A8NMM0NXN9JIT,Submitted,Mon Nov 25 23:25:15 PST 2019,Mon Nov 25 23:43:38 PST 2019,Tue Nov 26 23:43:38 PST 2019,1103,0% (0/0),0% (0/0),0% (0/0),FALSE,TRUE,FALSE,FALSE,FALSE,FALSE,TRUE,FALSE,FALSE,TRUE,FALSE,FALSE,FALSE,TRUE,FALSE,FALSE,FALSE,FALSE,FALSE,FALSE,TRUE,FALSE,FALSE,FALSE,FALSE,TRUE,FALSE,"[{""height"":4,""label"":""No Need to Do this Label"",""left"":624,""top"":516,""width"":33},{""height"":145,""label"":""No Need to Do this Label"",""left"":146,""top"":432,""width"":396}]",683,1024,,
335HHSX8DGN00NZW0UELO9TXB0VHD2,3VMQHMXNFYY535P7V0MRNN4HN3BPRU,Take a short Survey and Draw a bounding box around 1 item (20 cents):,Take a 6-question survey and draw a bounding box around 1 item (20 cents):,Survey and bounding box,$0.20,Mon Nov 25 23:24:20 PST 2019,50,BatchId:3849192;OriginalHitTemplateId:928390838;,3600,86400,Tue Nov 26 23:24:20 PST 2019,34MAJL3QP85AS37XI0TS6VT6LOG34Y,A2A3U0GTJ7DK6Q,Submitted,Mon Nov 25 23:25:20 PST 2019,Mon Nov 25 23:27:43 PST 2019,Tue Nov 26 23:27:43 PST 2019,143,0% (0/0),0% (0/0),0% (0/0),TRUE,FALSE,FALSE,FALSE,FALSE,TRUE,FALSE,FALSE,FALSE,FALSE,TRUE,FALSE,FALSE,TRUE,FALSE,FALSE,FALSE,FALSE,FALSE,TRUE,FALSE,FALSE,FALSE,FALSE,TRUE,FALSE,FALSE,"[{""height"":153,""label"":""No Need to Do this Label"",""left"":148,""top"":425,""width"":396}]",683,1024,,
335HHSX8DGN00NZW0UELO9TXB0VHD2,3VMQHMXNFYY535P7V0MRNN4HN3BPRU,Take a short Survey and Draw a bounding box around 1 item (20 cents):,Take a 6-question survey and draw a bounding box around 1 item (20 cents):,Survey and bounding box,$0.20,Mon Nov 25 23:24:20 PST 2019,50,BatchId:3849192;OriginalHitTemplateId:928390838;,3600,86400,Tue Nov 26 23:24:20 PST 2019,34X6J5FLPXGS2MWKJISSP5B0DDLQJG,A6YCL762M6N74,Submitted,Mon Nov 25 23:37:20 PST 2019,Mon Nov 25 23:43:23 PST 2019,Tue Nov 26 23:43:23 PST 2019,363,0% (0/0),0% (0/0),0% (0/0),TRUE,FALSE,FALSE,FALSE,FALSE,FALSE,TRUE,FALSE,FALSE,TRUE,FALSE,FALSE,FALSE,TRUE,FALSE,FALSE,FALSE,FALSE,FALSE,FALSE,TRUE,FALSE,FALSE,FALSE,FALSE,TRUE,FALSE,[],683,1024,,
335HHSX8DGN00NZW0UELO9TXB0VHD2,3VMQHMXNFYY535P7V0MRNN4HN3BPRU,Take a short Survey and Draw a bounding box around 1 item (20 cents):,Take a 6-question survey and draw a bounding box around 1 item (20 cents):,Survey and bounding box,$0.20,Mon Nov 25 23:24:20 PST 2019,50,BatchId:3849192;OriginalHitTemplateId:928390838;,3600,86400,Tue Nov 26 23:24:20 PST 2019,36AHBNMV1VUO82NE0WNBZTJP72ADYX,A1FEQPNF3GMLG8,Submitted,Tue Nov 26 00:29:53 PST 2019,Tue Nov 26 00:31:16 PST 2019,Wed Nov 27 00:31:16 PST 2019,83,0% (0/0),0% (0/0),0% (0/0),TRUE,FALSE,FALSE,FALSE,FALSE,TRUE,FALSE,FALSE,FALSE,TRUE,FALSE,FALSE,FALSE,TRUE,FALSE,FALSE,FALSE,FALSE,FALSE,FALSE,TRUE,FALSE,FALSE,FALSE,TRUE,FALSE,FALSE,"[{""height"":181,""label"":""No Need to Do this Label"",""left"":143,""top"":398,""width"":407}]",683,1024,,
335HHSX8DGN00NZW0UELO9TXB0VHD2,3VMQHMXNFYY535P7V0MRNN4HN3BPRU,Take a short Survey and Draw a bounding box around 1 item (20 cents):,Take a 6-question survey and draw a bounding box around 1 item (20 cents):,Survey and bounding box,$0.20,Mon Nov 25 23:24:20 PST 2019,50,BatchId:3849192;OriginalHitTemplateId:928390838;,3600,86400,Tue Nov 26 23:24:20 PST 2019,36U2A8VAG5HWM8TOSD9Y36EFRB1KYB,A3BIRWA8ZHZQSL,Submitted,Mon Nov 25 23:25:35 PST 2019,Mon Nov 25 23:34:07 PST 2019,Tue Nov 26 23:34:07 PST 2019,512,0% (0/0),0% (0/0),0% (0/0),TRUE,FALSE,FALSE,FALSE,FALSE,FALSE,TRUE,FALSE,FALSE,TRUE,FALSE,FALSE,FALSE,TRUE,FALSE,FALSE,FALSE,FALSE,FALSE,FALSE,TRUE,FALSE,FALSE,FALSE,FALSE,TRUE,FALSE,"[{""height"":147,""label"":""No Need to Do this Label"",""left"":148,""top"":429,""width"":407}]",683,1024,,
335HHSX8DGN00NZW0UELO9TXB0VHD2,3VMQHMXNFYY535P7V0MRNN4HN3BPRU,Take a short Survey and Draw a bounding box around 1 item (20 cents):,Take a 6-question survey and draw a bounding box around 1 item (20 cents):,Survey and bounding box,$0.20,Mon Nov 25 23:24:20 PST 2019,50,BatchId:3849192;OriginalHitTemplateId:928390838;,3600,86400,Tue Nov 26 23:24:20 PST 2019,36ZN444YTVGTMZZYMNFOOZ10LXEIOO,A1G10UPKNT2YEX,Submitted,Mon Nov 25 23:37:27 PST 2019,Tue Nov 26 00:03:07 PST 2019,Wed Nov 27 00:03:07 PST 2019,1540,0% (0/0),0% (0/0),0% (0/0),TRUE,FALSE,FALSE,FALSE,FALSE,FALSE,FALSE,TRUE,FALSE,TRUE,FALSE,FALSE,FALSE,TRUE,FALSE,FALSE,FALSE,FALSE,FALSE,FALSE,TRUE,FALSE,FALSE,FALSE,TRUE,FALSE,FALSE,"[{""height"":151,""label"":""No Need to Do this Label"",""left"":145,""top"":428,""width"":399}]",683,1024,,
335HHSX8DGN00NZW0UELO9TXB0VHD2,3VMQHMXNFYY535P7V0MRNN4HN3BPRU,Take a short Survey and Draw a bounding box around 1 item (20 cents):,Take a 6-question survey and draw a bounding box around 1 item (20 cents):,Survey and bounding box,$0.20,Mon Nov 25 23:24:20 PST 2019,50,BatchId:3849192;OriginalHitTemplateId:928390838;,3600,86400,Tue Nov 26 23:24:20 PST 2019,39PAAFCODQIELXO6HB06XYXHS7VVTO,A25WGTFYA70QGZ,Submitted,Tue Nov 26 00:27:30 PST 2019,Tue Nov 26 00:29:23 PST 2019,Wed Nov 27 00:29:23 PST 2019,113,0% (0/0),0% (0/0),0% (0/0),TRUE,FALSE,FALSE,FALSE,FALSE,FALSE,TRUE,FALSE,FALSE,TRUE,FALSE,FALSE,FALSE,TRUE,FALSE,FALSE,FALSE,FALSE,FALSE,FALSE,FALSE,TRUE,FALSE,FALSE,FALSE,TRUE,FALSE,"[{""height"":158,""label"":""No Need to Do this Label"",""left"":142,""top"":421,""width"":401}]",683,1024,,
335HHSX8DGN00NZW0UELO9TXB0VHD2,3VMQHMXNFYY535P7V0MRNN4HN3BPRU,Take a short Survey and Draw a bounding box around 1 item (20 cents):,Take a 6-question survey and draw a bounding box around 1 item (20 cents):,Survey and bounding box,$0.20,Mon Nov 25 23:24:20 PST 2019,50,BatchId:3849192;OriginalHitTemplateId:928390838;,3600,86400,Tue Nov 26 23:24:20 PST 2019,3AUQQEL7U9BD5ORFJ9CWDNVCVWT0VC,A3KOWY3F88WP94,Submitted,Mon Nov 25 23:25:58 PST 2019,Mon Nov 25 23:30:54 PST 2019,Tue Nov 26 23:30:54 PST 2019,296,0% (0/0),0% (0/0),0% (0/0),FALSE,TRUE,FALSE,FALSE,FALSE,FALSE,TRUE,FALSE,FALSE,TRUE,FALSE,FALSE,FALSE,TRUE,FALSE,FALSE,FALSE,FALSE,FALSE,FALSE,TRUE,FALSE,FALSE,FALSE,FALSE,TRUE,FALSE,"[{""height"":163,""label"":""No Need to Do this Label"",""left"":138,""top"":423,""width"":404}]",683,1024,,
335HHSX8DGN00NZW0UELO9TXB0VHD2,3VMQHMXNFYY535P7V0MRNN4HN3BPRU,Take a short Survey and Draw a bounding box around 1 item (20 cents):,Take a 6-question survey and draw a bounding box around 1 item (20 cents):,Survey and bounding box,$0.20,Mon Nov 25 23:24:20 PST 2019,50,BatchId:3849192;OriginalHitTemplateId:928390838;,3600,86400,Tue Nov 26 23:24:20 PST 2019,3AWETUDC96A5L3D5OWQ54X8451GIZP,AOQIN4AGBL85L,Submitted,Mon Nov 25 23:25:41 PST 2019,Mon Nov 25 23:49:29 PST 2019,Tue Nov 26 23:49:29 PST 2019,1428,0% (0/0),0% (0/0),0% (0/0),FALSE,TRUE,FALSE,FALSE,FALSE,FALSE,TRUE,FALSE,FALSE,TRUE,FALSE,FALSE,FALSE,TRUE,FALSE,FALSE,FALSE,FALSE,FALSE,TRUE,FALSE,FALSE,FALSE,FALSE,FALSE,TRUE,FALSE,"[{""height"":148,""label"":""No Need to Do this Label"",""left"":148,""top"":430,""width"":396}]",683,1024,,
335HHSX8DGN00NZW0UELO9TXB0VHD2,3VMQHMXNFYY535P7V0MRNN4HN3BPRU,Take a short Survey and Draw a bounding box around 1 item (20 cents):,Take a 6-question survey and draw a bounding box around 1 item (20 cents):,Survey and bounding box,$0.20,Mon Nov 25 23:24:20 PST 2019,50,BatchId:3849192;OriginalHitTemplateId:928390838;,3600,86400,Tue Nov 26 23:24:20 PST 2019,3B1NLC6UG3EXB854BZS0SNTAGPHGPA,A3ABJN1IL7UCZ8,Submitted,Mon Nov 25 23:27:40 PST 2019,Mon Nov 25 23:28:42 PST 2019,Tue Nov 26 23:28:42 PST 2019,62,0% (0/0),0% (0/0),0% (0/0),FALSE,TRUE,FALSE,FALSE,FALSE,FALSE,TRUE,FALSE,FALSE,TRUE,FALSE,FALSE,FALSE,TRUE,FALSE,FALSE,FALSE,FALSE,FALSE,TRUE,FALSE,FALSE,FALSE,FALSE,FALSE,TRUE,FALSE,"[{""height"":152,""label"":""No Need to Do this Label"",""left"":148,""top"":425,""width"":379}]",683,1024,,
335HHSX8DGN00NZW0UELO9TXB0VHD2,3VMQHMXNFYY535P7V0MRNN4HN3BPRU,Take a short Survey and Draw a bounding box around 1 item (20 cents):,Take a 6-question survey and draw a bounding box around 1 item (20 cents):,Survey and bounding box,$0.20,Mon Nov 25 23:24:20 PST 2019,50,BatchId:3849192;OriginalHitTemplateId:928390838;,3600,86400,Tue Nov 26 23:24:20 PST 2019,3B2X28YI30XTALFOGH1DLCBW57Z6BD,A2MDORDGPI3WKR,Submitted,Mon Nov 25 23:27:01 PST 2019,Mon Nov 25 23:28:29 PST 2019,Tue Nov 26 23:28:29 PST 2019,88,0% (0/0),0% (0/0),0% (0/0),TRUE,FALSE,FALSE,FALSE,FALSE,FALSE,TRUE,FALSE,FALSE,TRUE,FALSE,FALSE,FALSE,TRUE,FALSE,FALSE,FALSE,FALSE,FALSE,TRUE,FALSE,FALSE,FALSE,FALSE,FALSE,TRUE,FALSE,"[{""height"":151,""label"":""No Need to Do this Label"",""left"":141,""top"":429,""width"":400}]",683,1024,,
335HHSX8DGN00NZW0UELO9TXB0VHD2,3VMQHMXNFYY535P7V0MRNN4HN3BPRU,Take a short Survey and Draw a bounding box around 1 item (20 cents):,Take a 6-question survey and draw a bounding box around 1 item (20 cents):,Survey and bounding box,$0.20,Mon Nov 25 23:24:20 PST 2019,50,BatchId:3849192;OriginalHitTemplateId:928390838;,3600,86400,Tue Nov 26 23:24:20 PST 2019,3B2X28YI30XTALFOGH1DLCBW57ZB6I,ASBVFTDEA883R,Submitted,Mon Nov 25 23:25:44 PST 2019,Mon Nov 25 23:31:12 PST 2019,Tue Nov 26 23:31:12 PST 2019,328,0% (0/0),0% (0/0),0% (0/0),TRUE,FALSE,FALSE,FALSE,FALSE,FALSE,TRUE,FALSE,FALSE,TRUE,FALSE,FALSE,FALSE,TRUE,FALSE,FALSE,FALSE,FALSE,FALSE,FALSE,TRUE,FALSE,FALSE,FALSE,FALSE,TRUE,FALSE,"[{""height"":163,""label"":""No Need to Do this Label"",""left"":133,""top"":422,""width"":417}]",683,1024,,
335HHSX8DGN00NZW0UELO9TXB0VHD2,3VMQHMXNFYY535P7V0MRNN4HN3BPRU,Take a short Survey and Draw a bounding box around 1 item (20 cents):,Take a 6-question survey and draw a bounding box around 1 item (20 cents):,Survey and bounding box,$0.20,Mon Nov 25 23:24:20 PST 2019,50,BatchId:3849192;OriginalHitTemplateId:928390838;,3600,86400,Tue Nov 26 23:24:20 PST 2019,3DHE4R9OC0T1J14Y91HOWALH5FPG2N,AX1TWZNM2XLYO,Submitted,Mon Nov 25 23:25:38 PST 2019,Mon Nov 25 23:29:08 PST 2019,Tue Nov 26 23:29:08 PST 2019,210,0% (0/0),0% (0/0),0% (0/0),FALSE,TRUE,FALSE,FALSE,FALSE,FALSE,TRUE,FALSE,FALSE,TRUE,FALSE,FALSE,FALSE,TRUE,FALSE,FALSE,FALSE,FALSE,FALSE,FALSE,TRUE,FALSE,FALSE,FALSE,FALSE,TRUE,FALSE,"[{""height"":145,""label"":""No Need to Do this Label"",""left"":148,""top"":427,""width"":399}]",683,1024,,
335HHSX8DGN00NZW0UELO9TXB0VHD2,3VMQHMXNFYY535P7V0MRNN4HN3BPRU,Take a short Survey and Draw a bounding box around 1 item (20 cents):,Take a 6-question survey and draw a bounding box around 1 item (20 cents):,Survey and bounding box,$0.20,Mon Nov 25 23:24:20 PST 2019,50,BatchId:3849192;OriginalHitTemplateId:928390838;,3600,86400,Tue Nov 26 23:24:20 PST 2019,3E1QT0TDFTRQ17CIF6QSRDB06S98IA,A3BHKF9NJKCXPB,Submitted,Mon Nov 25 23:24:35 PST 2019,Mon Nov 25 23:33:09 PST 2019,Tue Nov 26 23:33:09 PST 2019,514,0% (0/0),0% (0/0),0% (0/0),TRUE,FALSE,FALSE,FALSE,FALSE,FALSE,TRUE,FALSE,FALSE,TRUE,FALSE,FALSE,FALSE,TRUE,FALSE,FALSE,FALSE,FALSE,FALSE,TRUE,FALSE,FALSE,FALSE,FALSE,FALSE,TRUE,FALSE,"[{""height"":176,""label"":""No Need to Do this Label"",""left"":134,""top"":414,""width"":417}]",683,1024,,
335HHSX8DGN00NZW0UELO9TXB0VHD2,3VMQHMXNFYY535P7V0MRNN4HN3BPRU,Take a short Survey and Draw a bounding box around 1 item (20 cents):,Take a 6-question survey and draw a bounding box around 1 item (20 cents):,Survey and bounding box,$0.20,Mon Nov 25 23:24:20 PST 2019,50,BatchId:3849192;OriginalHitTemplateId:928390838;,3600,86400,Tue Nov 26 23:24:20 PST 2019,3EF8EXOTT5D4LIC3Y32DO43S51SJ1D,AXBFJUI5IFJX2,Submitted,Mon Nov 25 23:25:46 PST 2019,Mon Nov 25 23:28:53 PST 2019,Tue Nov 26 23:28:53 PST 2019,187,0% (0/0),0% (0/0),0% (0/0),TRUE,FALSE,FALSE,FALSE,FALSE,FALSE,TRUE,FALSE,FALSE,TRUE,FALSE,FALSE,FALSE,TRUE,FALSE,FALSE,FALSE,FALSE,TRUE,FALSE,FALSE,FALSE,FALSE,FALSE,FALSE,FALSE,TRUE,"[{""height"":153,""label"":""No Need to Do this Label"",""left"":145,""top"":429,""width"":398}]",683,1024,,
335HHSX8DGN00NZW0UELO9TXB0VHD2,3VMQHMXNFYY535P7V0MRNN4HN3BPRU,Take a short Survey and Draw a bounding box around 1 item (20 cents):,Take a 6-question survey and draw a bounding box around 1 item (20 cents):,Survey and bounding box,$0.20,Mon Nov 25 23:24:20 PST 2019,50,BatchId:3849192;OriginalHitTemplateId:928390838;,3600,86400,Tue Nov 26 23:24:20 PST 2019,3FIJLY1B6YMRX8990FMIA2TYFAHFPA,A3DDWZOH9DPSP9,Submitted,Mon Nov 25 23:24:23 PST 2019,Mon Nov 25 23:27:12 PST 2019,Tue Nov 26 23:27:12 PST 2019,169,0% (0/0),0% (0/0),0% (0/0),TRUE,FALSE,FALSE,TRUE,FALSE,FALSE,FALSE,FALSE,FALSE,TRUE,FALSE,FALSE,FALSE,FALSE,FALSE,TRUE,FALSE,FALSE,FALSE,FALSE,FALSE,TRUE,FALSE,FALSE,FALSE,TRUE,FALSE,"[{""height"":292,""label"":""No Need to Do this Label"",""left"":27,""top"":365,""width"":573}]",683,1024,,
335HHSX8DGN00NZW0UELO9TXB0VHD2,3VMQHMXNFYY535P7V0MRNN4HN3BPRU,Take a short Survey and Draw a bounding box around 1 item (20 cents):,Take a 6-question survey and draw a bounding box around 1 item (20 cents):,Survey and bounding box,$0.20,Mon Nov 25 23:24:20 PST 2019,50,BatchId:3849192;OriginalHitTemplateId:928390838;,3600,86400,Tue Nov 26 23:24:20 PST 2019,3FUI0JHJP1GPA7OTIMO9WQ107OK33D,A31Y7PAMZO5GVZ,Submitted,Mon Nov 25 23:25:37 PST 2019,Mon Nov 25 23:31:07 PST 2019,Tue Nov 26 23:31:07 PST 2019,330,0% (0/0),0% (0/0),0% (0/0),FALSE,TRUE,FALSE,FALSE,FALSE,FALSE,TRUE,FALSE,FALSE,TRUE,FALSE,FALSE,FALSE,TRUE,FALSE,FALSE,FALSE,FALSE,FALSE,TRUE,FALSE,FALSE,FALSE,FALSE,FALSE,TRUE,FALSE,"[{""height"":240,""label"":""No Need to Do this Label"",""left"":130,""top"":371,""width"":423}]",683,1024,,
335HHSX8DGN00NZW0UELO9TXB0VHD2,3VMQHMXNFYY535P7V0MRNN4HN3BPRU,Take a short Survey and Draw a bounding box around 1 item (20 cents):,Take a 6-question survey and draw a bounding box around 1 item (20 cents):,Survey and bounding box,$0.20,Mon Nov 25 23:24:20 PST 2019,50,BatchId:3849192;OriginalHitTemplateId:928390838;,3600,86400,Tue Nov 26 23:24:20 PST 2019,3GLB5JMZF1DOMB2E6Q15STCL26EDGT,A1AWR7C38PW42P,Submitted,Mon Nov 25 23:25:42 PST 2019,Mon Nov 25 23:28:34 PST 2019,Tue Nov 26 23:28:34 PST 2019,172,0% (0/0),0% (0/0),0% (0/0),FALSE,TRUE,FALSE,FALSE,FALSE,FALSE,TRUE,FALSE,FALSE,TRUE,FALSE,FALSE,FALSE,TRUE,FALSE,FALSE,FALSE,FALSE,FALSE,TRUE,FALSE,FALSE,FALSE,FALSE,FALSE,TRUE,FALSE,"[{""height"":179,""label"":""No Need to Do this Label"",""left"":151,""top"":407,""width"":402}]",683,1024,,
335HHSX8DGN00NZW0UELO9TXB0VHD2,3VMQHMXNFYY535P7V0MRNN4HN3BPRU,Take a short Survey and Draw a bounding box around 1 item (20 cents):,Take a 6-question survey and draw a bounding box around 1 item (20 cents):,Survey and bounding box,$0.20,Mon Nov 25 23:24:20 PST 2019,50,BatchId:3849192;OriginalHitTemplateId:928390838;,3600,86400,Tue Nov 26 23:24:20 PST 2019,3HRMW88U1A8UF1X65HB5QRCZ43H0MV,A1BAT5O7WVAFPW,Submitted,Mon Nov 25 23:25:14 PST 2019,Mon Nov 25 23:28:35 PST 2019,Tue Nov 26 23:28:35 PST 2019,201,0% (0/0),0% (0/0),0% (0/0),FALSE,TRUE,FALSE,FALSE,FALSE,FALSE,TRUE,FALSE,FALSE,TRUE,FALSE,FALSE,FALSE,TRUE,FALSE,FALSE,FALSE,FALSE,FALSE,TRUE,FALSE,FALSE,FALSE,FALSE,FALSE,TRUE,FALSE,"[{""height"":153,""label"":""No Need to Do this Label"",""left"":145,""top"":423,""width"":402}]",683,1024,,
335HHSX8DGN00NZW0UELO9TXB0VHD2,3VMQHMXNFYY535P7V0MRNN4HN3BPRU,Take a short Survey and Draw a bounding box around 1 item (20 cents):,Take a 6-question survey and draw a bounding box around 1 item (20 cents):,Survey and bounding box,$0.20,Mon Nov 25 23:24:20 PST 2019,50,BatchId:3849192;OriginalHitTemplateId:928390838;,3600,86400,Tue Nov 26 23:24:20 PST 2019,3IGI0VL64B2L00APJ3SGT7XH7W7NO8,A2GXKPQB64DZC1,Submitted,Mon Nov 25 23:27:22 PST 2019,Mon Nov 25 23:31:05 PST 2019,Tue Nov 26 23:31:05 PST 2019,223,0% (0/0),0% (0/0),0% (0/0),TRUE,FALSE,FALSE,FALSE,FALSE,FALSE,TRUE,FALSE,FALSE,TRUE,FALSE,FALSE,FALSE,TRUE,FALSE,FALSE,FALSE,FALSE,FALSE,TRUE,FALSE,FALSE,FALSE,FALSE,FALSE,TRUE,FALSE,"[{""height"":145,""label"":""No Need to Do this Label"",""left"":152,""top"":427,""width"":388}]",683,1024,,
335HHSX8DGN00NZW0UELO9TXB0VHD2,3VMQHMXNFYY535P7V0MRNN4HN3BPRU,Take a short Survey and Draw a bounding box around 1 item (20 cents):,Take a 6-question survey and draw a bounding box around 1 item (20 cents):,Survey and bounding box,$0.20,Mon Nov 25 23:24:20 PST 2019,50,BatchId:3849192;OriginalHitTemplateId:928390838;,3600,86400,Tue Nov 26 23:24:20 PST 2019,3JNQLM5FT84H5TIZKSE492QP1WBL2Y,A9LXSGXZM4IJE,Submitted,Mon Nov 25 23:25:50 PST 2019,Mon Nov 25 23:34:09 PST 2019,Tue Nov 26 23:34:09 PST 2019,499,0% (0/0),0% (0/0),0% (0/0),TRUE,FALSE,FALSE,FALSE,FALSE,FALSE,TRUE,FALSE,FALSE,TRUE,FALSE,FALSE,FALSE,TRUE,FALSE,FALSE,FALSE,FALSE,FALSE,TRUE,FALSE,FALSE,FALSE,FALSE,FALSE,TRUE,FALSE,"[{""height"":150,""label"":""No Need to Do this Label"",""left"":148,""top"":430,""width"":396}]",683,1024,,
335HHSX8DGN00NZW0UELO9TXB0VHD2,3VMQHMXNFYY535P7V0MRNN4HN3BPRU,Take a short Survey and Draw a bounding box around 1 item (20 cents):,Take a 6-question survey and draw a bounding box around 1 item (20 cents):,Survey and bounding box,$0.20,Mon Nov 25 23:24:20 PST 2019,50,BatchId:3849192;OriginalHitTemplateId:928390838;,3600,86400,Tue Nov 26 23:24:20 PST 2019,3MMN5BL1W3MQWTW3O4TOSPA67F2M3D,A1VXOAO2A1F74I,Submitted,Mon Nov 25 23:35:56 PST 2019,Tue Nov 26 00:09:33 PST 2019,Wed Nov 27 00:09:33 PST 2019,2017,0% (0/0),0% (0/0),0% (0/0),TRUE,FALSE,FALSE,FALSE,FALSE,FALSE,TRUE,FALSE,FALSE,TRUE,FALSE,FALSE,FALSE,TRUE,FALSE,FALSE,FALSE,FALSE,FALSE,TRUE,FALSE,FALSE,FALSE,FALSE,FALSE,TRUE,FALSE,"[{""height"":155,""label"":""No Need to Do this Label"",""left"":146,""top"":423,""width"":401}]",683,1024,,
335HHSX8DGN00NZW0UELO9TXB0VHD2,3VMQHMXNFYY535P7V0MRNN4HN3BPRU,Take a short Survey and Draw a bounding box around 1 item (20 cents):,Take a 6-question survey and draw a bounding box around 1 item (20 cents):,Survey and bounding box,$0.20,Mon Nov 25 23:24:20 PST 2019,50,BatchId:3849192;OriginalHitTemplateId:928390838;,3600,86400,Tue Nov 26 23:24:20 PST 2019,3MRNMEIQW9O483GFHHYL5LHTYN4LDB,A2UHK8HUXXMSVM,Submitted,Tue Nov 26 00:12:58 PST 2019,Tue Nov 26 00:29:40 PST 2019,Wed Nov 27 00:29:40 PST 2019,1002,0% (0/0),0% (0/0),0% (0/0),TRUE,FALSE,FALSE,FALSE,FALSE,FALSE,TRUE,FALSE,FALSE,TRUE,FALSE,FALSE,FALSE,TRUE,FALSE,FALSE,FALSE,FALSE,FALSE,FALSE,FALSE,TRUE,FALSE,FALSE,FALSE,TRUE,FALSE,"[{""height"":150,""label"":""No Need to Do this Label"",""left"":145,""top"":430,""width"":398}]",683,1024,,
335HHSX8DGN00NZW0UELO9TXB0VHD2,3VMQHMXNFYY535P7V0MRNN4HN3BPRU,Take a short Survey and Draw a bounding box around 1 item (20 cents):,Take a 6-question survey and draw a bounding box around 1 item (20 cents):,Survey and bounding box,$0.20,Mon Nov 25 23:24:20 PST 2019,50,BatchId:3849192;OriginalHitTemplateId:928390838;,3600,86400,Tue Nov 26 23:24:20 PST 2019,3MTMREQS4Z0MLQP21LELOVQ3BR7AWN,AAQGL7BD4ADZF,Submitted,Mon Nov 25 23:24:50 PST 2019,Mon Nov 25 23:35:15 PST 2019,Tue Nov 26 23:35:15 PST 2019,625,0% (0/0),0% (0/0),0% (0/0),FALSE,TRUE,FALSE,FALSE,FALSE,TRUE,FALSE,FALSE,FALSE,TRUE,FALSE,FALSE,FALSE,TRUE,FALSE,FALSE,FALSE,FALSE,TRUE,FALSE,FALSE,FALSE,FALSE,FALSE,FALSE,TRUE,FALSE,"[{""height"":157,""label"":""No Need to Do this Label"",""left"":141,""top"":425,""width"":406}]",683,1024,,
335HHSX8DGN00NZW0UELO9TXB0VHD2,3VMQHMXNFYY535P7V0MRNN4HN3BPRU,Take a short Survey and Draw a bounding box around 1 item (20 cents):,Take a 6-question survey and draw a bounding box around 1 item (20 cents):,Survey and bounding box,$0.20,Mon Nov 25 23:24:20 PST 2019,50,BatchId:3849192;OriginalHitTemplateId:928390838;,3600,86400,Tue Nov 26 23:24:20 PST 2019,3MTMREQS4Z0MLQP21LELOVQ3BRCAWS,AKC5R24V6ZBRP,Submitted,Tue Nov 26 00:19:32 PST 2019,Tue Nov 26 00:20:18 PST 2019,Wed Nov 27 00:20:18 PST 2019,46,0% (0/0),0% (0/0),0% (0/0),TRUE,FALSE,FALSE,FALSE,FALSE,FALSE,FALSE,TRUE,FALSE,TRUE,FALSE,FALSE,FALSE,TRUE,FALSE,FALSE,FALSE,FALSE,TRUE,FALSE,FALSE,FALSE,FALSE,FALSE,FALSE,TRUE,FALSE,"[{""height"":153,""label"":""No Need to Do this Label"",""left"":145,""top"":427,""width"":400}]",683,1024,,
335HHSX8DGN00NZW0UELO9TXB0VHD2,3VMQHMXNFYY535P7V0MRNN4HN3BPRU,Take a short Survey and Draw a bounding box around 1 item (20 cents):,Take a 6-question survey and draw a bounding box around 1 item (20 cents):,Survey and bounding box,$0.20,Mon Nov 25 23:24:20 PST 2019,50,BatchId:3849192;OriginalHitTemplateId:928390838;,3600,86400,Tue Nov 26 23:24:20 PST 2019,3OXV7EAXLI8O7QBB1OM73TDKHFM36J,A10NBQP7W50X1I,Submitted,Mon Nov 25 23:25:42 PST 2019,Mon Nov 25 23:28:34 PST 2019,Tue Nov 26 23:28:34 PST 2019,172,0% (0/0),0% (0/0),0% (0/0),FALSE,TRUE,FALSE,FALSE,FALSE,FALSE,TRUE,FALSE,FALSE,TRUE,FALSE,FALSE,FALSE,TRUE,FALSE,FALSE,FALSE,FALSE,FALSE,TRUE,FALSE,FALSE,FALSE,FALSE,FALSE,TRUE,FALSE,"[{""height"":206,""label"":""No Need to Do this Label"",""left"":124,""top"":398,""width"":454},{""height"":7,""label"":""No Need to Do this Label"",""left"":77,""top"":375,""width"":28}]",683,1024,,
335HHSX8DGN00NZW0UELO9TXB0VHD2,3VMQHMXNFYY535P7V0MRNN4HN3BPRU,Take a short Survey and Draw a bounding box around 1 item (20 cents):,Take a 6-question survey and draw a bounding box around 1 item (20 cents):,Survey and bounding box,$0.20,Mon Nov 25 23:24:20 PST 2019,50,BatchId:3849192;OriginalHitTemplateId:928390838;,3600,86400,Tue Nov 26 23:24:20 PST 2019,3PJUZCGDJAYXQ6JFBCKFEKCXN2M98S,AZ6VY1EDA2WF,Submitted,Mon Nov 25 23:25:53 PST 2019,Mon Nov 25 23:26:36 PST 2019,Tue Nov 26 23:26:36 PST 2019,43,0% (0/0),0% (0/0),0% (0/0),TRUE,FALSE,FALSE,FALSE,FALSE,TRUE,FALSE,FALSE,FALSE,TRUE,FALSE,FALSE,FALSE,FALSE,TRUE,FALSE,FALSE,FALSE,FALSE,TRUE,FALSE,FALSE,FALSE,FALSE,FALSE,TRUE,FALSE,[],683,1024,,
335HHSX8DGN00NZW0UELO9TXB0VHD2,3VMQHMXNFYY535P7V0MRNN4HN3BPRU,Take a short Survey and Draw a bounding box around 1 item (20 cents):,Take a 6-question survey and draw a bounding box around 1 item (20 cents):,Survey and bounding box,$0.20,Mon Nov 25 23:24:20 PST 2019,50,BatchId:3849192;OriginalHitTemplateId:928390838;,3600,86400,Tue Nov 26 23:24:20 PST 2019,3PPTZCWALU2I211O14VEDZZQWBXQZ0,A2X8VQ62EQADWD,Submitted,Mon Nov 25 23:29:20 PST 2019,Mon Nov 25 23:32:43 PST 2019,Tue Nov 26 23:32:43 PST 2019,203,0% (0/0),0% (0/0),0% (0/0),TRUE,FALSE,FALSE,FALSE,FALSE,FALSE,TRUE,FALSE,FALSE,TRUE,FALSE,FALSE,FALSE,TRUE,FALSE,FALSE,FALSE,FALSE,FALSE,FALSE,TRUE,FALSE,FALSE,FALSE,FALSE,TRUE,FALSE,"[{""height"":163,""label"":""No Need to Do this Label"",""left"":145,""top"":427,""width"":410}]",683,1024,,
335HHSX8DGN00NZW0UELO9TXB0VHD2,3VMQHMXNFYY535P7V0MRNN4HN3BPRU,Take a short Survey and Draw a bounding box around 1 item (20 cents):,Take a 6-question survey and draw a bounding box around 1 item (20 cents):,Survey and bounding box,$0.20,Mon Nov 25 23:24:20 PST 2019,50,BatchId:3849192;OriginalHitTemplateId:928390838;,3600,86400,Tue Nov 26 23:24:20 PST 2019,3QILPRALQ9DIF8N9CM3KWL7HSR38NQ,A1R7JSHFIWADMO,Submitted,Mon Nov 25 23:25:14 PST 2019,Mon Nov 25 23:29:44 PST 2019,Tue Nov 26 23:29:44 PST 2019,270,0% (0/0),0% (0/0),0% (0/0),FALSE,TRUE,FALSE,FALSE,FALSE,TRUE,FALSE,FALSE,FALSE,FALSE,TRUE,FALSE,FALSE,TRUE,FALSE,FALSE,FALSE,FALSE,FALSE,TRUE,FALSE,FALSE,FALSE,FALSE,FALSE,TRUE,FALSE,"[{""height"":158,""label"":""No Need to Do this Label"",""left"":148,""top"":424,""width"":393}]",683,1024,,
335HHSX8DGN00NZW0UELO9TXB0VHD2,3VMQHMXNFYY535P7V0MRNN4HN3BPRU,Take a short Survey and Draw a bounding box around 1 item (20 cents):,Take a 6-question survey and draw a bounding box around 1 item (20 cents):,Survey and bounding box,$0.20,Mon Nov 25 23:24:20 PST 2019,50,BatchId:3849192;OriginalHitTemplateId:928390838;,3600,86400,Tue Nov 26 23:24:20 PST 2019,3RXCAC0YIV7C5G6NPIQP61YKRFH8GI,A3KB2DY7SADI3Z,Submitted,Mon Nov 25 23:25:12 PST 2019,Mon Nov 25 23:30:31 PST 2019,Tue Nov 26 23:30:31 PST 2019,319,0% (0/0),0% (0/0),0% (0/0),TRUE,FALSE,FALSE,FALSE,FALSE,FALSE,TRUE,FALSE,FALSE,TRUE,FALSE,FALSE,FALSE,TRUE,FALSE,FALSE,FALSE,FALSE,TRUE,FALSE,FALSE,FALSE,FALSE,FALSE,FALSE,TRUE,FALSE,"[{""height"":157,""label"":""No Need to Do this Label"",""left"":145,""top"":425,""width"":399}]",683,1024,,
335HHSX8DGN00NZW0UELO9TXB0VHD2,3VMQHMXNFYY535P7V0MRNN4HN3BPRU,Take a short Survey and Draw a bounding box around 1 item (20 cents):,Take a 6-question survey and draw a bounding box around 1 item (20 cents):,Survey and bounding box,$0.20,Mon Nov 25 23:24:20 PST 2019,50,BatchId:3849192;OriginalHitTemplateId:928390838;,3600,86400,Tue Nov 26 23:24:20 PST 2019,3SB5N7Y3O7MUNR1KUEDADMS28H5G03,A3R4SD33QQVAJX,Submitted,Mon Nov 25 23:25:24 PST 2019,Mon Nov 25 23:29:57 PST 2019,Tue Nov 26 23:29:57 PST 2019,273,0% (0/0),0% (0/0),0% (0/0),FALSE,TRUE,FALSE,FALSE,FALSE,FALSE,TRUE,FALSE,FALSE,TRUE,FALSE,FALSE,FALSE,TRUE,FALSE,FALSE,FALSE,FALSE,FALSE,TRUE,FALSE,FALSE,FALSE,FALSE,FALSE,TRUE,FALSE,"[{""height"":59,""label"":""No Need to Do this Label"",""left"":387,""top"":374,""width"":18},{""height"":263,""label"":""No Need to Do this Label"",""left"":113,""top"":357,""width"":449}]",683,1024,,
335HHSX8DGN00NZW0UELO9TXB0VHD2,3VMQHMXNFYY535P7V0MRNN4HN3BPRU,Take a short Survey and Draw a bounding box around 1 item (20 cents):,Take a 6-question survey and draw a bounding box around 1 item (20 cents):,Survey and bounding box,$0.20,Mon Nov 25 23:24:20 PST 2019,50,BatchId:3849192;OriginalHitTemplateId:928390838;,3600,86400,Tue Nov 26 23:24:20 PST 2019,3T3IWE1XGA5MGPSPVC6WRBY9BFCTQO,A25OEVVN0293PO,Submitted,Mon Nov 25 23:39:20 PST 2019,Mon Nov 25 23:51:58 PST 2019,Tue Nov 26 23:51:58 PST 2019,758,0% (0/0),0% (0/0),0% (0/0),TRUE,FALSE,FALSE,FALSE,FALSE,FALSE,FALSE,TRUE,FALSE,TRUE,FALSE,FALSE,FALSE,TRUE,FALSE,FALSE,FALSE,FALSE,FALSE,FALSE,FALSE,TRUE,FALSE,FALSE,FALSE,TRUE,FALSE,"[{""height"":153,""label"":""No Need to Do this Label"",""left"":143,""top"":426,""width"":401}]",683,1024,,
335HHSX8DGN00NZW0UELO9TXB0VHD2,3VMQHMXNFYY535P7V0MRNN4HN3BPRU,Take a short Survey and Draw a bounding box around 1 item (20 cents):,Take a 6-question survey and draw a bounding box around 1 item (20 cents):,Survey and bounding box,$0.20,Mon Nov 25 23:24:20 PST 2019,50,BatchId:3849192;OriginalHitTemplateId:928390838;,3600,86400,Tue Nov 26 23:24:20 PST 2019,3TU5ZICBRHJ3I501SEV10F2MX2Q8QD,A2CA5NH50MKUPY,Submitted,Mon Nov 25 23:26:43 PST 2019,Mon Nov 25 23:31:32 PST 2019,Tue Nov 26 23:31:32 PST 2019,289,0% (0/0),0% (0/0),0% (0/0),TRUE,FALSE,FALSE,FALSE,FALSE,FALSE,TRUE,FALSE,FALSE,TRUE,FALSE,FALSE,FALSE,TRUE,FALSE,FALSE,FALSE,TRUE,FALSE,FALSE,FALSE,FALSE,FALSE,FALSE,FALSE,TRUE,FALSE,"[{""height"":153,""label"":""No Need to Do this Label"",""left"":141,""top"":428,""width"":403}]",683,1024,,
335HHSX8DGN00NZW0UELO9TXB0VHD2,3VMQHMXNFYY535P7V0MRNN4HN3BPRU,Take a short Survey and Draw a bounding box around 1 item (20 cents):,Take a 6-question survey and draw a bounding box around 1 item (20 cents):,Survey and bounding box,$0.20,Mon Nov 25 23:24:20 PST 2019,50,BatchId:3849192;OriginalHitTemplateId:928390838;,3600,86400,Tue Nov 26 23:24:20 PST 2019,3TVSS0C0E5IR0MOB7L52J0GVZGSWTU,A20TVQ2ZM7QWIP,Submitted,Mon Nov 25 23:30:39 PST 2019,Mon Nov 25 23:33:10 PST 2019,Tue Nov 26 23:33:10 PST 2019,151,0% (0/0),0% (0/0),0% (0/0),TRUE,FALSE,FALSE,FALSE,FALSE,FALSE,TRUE,FALSE,FALSE,TRUE,FALSE,FALSE,FALSE,TRUE,FALSE,FALSE,FALSE,FALSE,FALSE,TRUE,FALSE,FALSE,FALSE,FALSE,FALSE,TRUE,FALSE,"[{""height"":213,""label"":""No Need to Do this Label"",""left"":123,""top"":414,""width"":466}]",683,1024,,
335HHSX8DGN00NZW0UELO9TXB0VHD2,3VMQHMXNFYY535P7V0MRNN4HN3BPRU,Take a short Survey and Draw a bounding box around 1 item (20 cents):,Take a 6-question survey and draw a bounding box around 1 item (20 cents):,Survey and bounding box,$0.20,Mon Nov 25 23:24:20 PST 2019,50,BatchId:3849192;OriginalHitTemplateId:928390838;,3600,86400,Tue Nov 26 23:24:20 PST 2019,3V0Z7YWSI2IK1YUTYWGAWBORSUD2VY,A23PA819AQYEV5,Submitted,Mon Nov 25 23:24:20 PST 2019,Mon Nov 25 23:47:01 PST 2019,Tue Nov 26 23:47:01 PST 2019,1361,0% (0/0),0% (0/0),0% (0/0),TRUE,FALSE,FALSE,FALSE,FALSE,FALSE,TRUE,FALSE,FALSE,TRUE,FALSE,FALSE,FALSE,TRUE,FALSE,FALSE,FALSE,FALSE,TRUE,FALSE,FALSE,FALSE,FALSE,FALSE,FALSE,TRUE,FALSE,"[{""height"":152,""label"":""No Need to Do this Label"",""left"":146,""top"":426,""width"":393}]",683,1024,,
335HHSX8DGN00NZW0UELO9TXB0VHD2,3VMQHMXNFYY535P7V0MRNN4HN3BPRU,Take a short Survey and Draw a bounding box around 1 item (20 cents):,Take a 6-question survey and draw a bounding box around 1 item (20 cents):,Survey and bounding box,$0.20,Mon Nov 25 23:24:20 PST 2019,50,BatchId:3849192;OriginalHitTemplateId:928390838;,3600,86400,Tue Nov 26 23:24:20 PST 2019,3W2LOLRXLFXNP7H2EIH4VALIOOMKR9,A210WH51UY4KF1,Submitted,Mon Nov 25 23:24:21 PST 2019,Mon Nov 25 23:32:07 PST 2019,Tue Nov 26 23:32:07 PST 2019,466,0% (0/0),0% (0/0),0% (0/0),TRUE,FALSE,FALSE,FALSE,FALSE,FALSE,FALSE,TRUE,FALSE,TRUE,FALSE,FALSE,FALSE,TRUE,FALSE,FALSE,FALSE,FALSE,FALSE,FALSE,TRUE,FALSE,FALSE,FALSE,FALSE,TRUE,FALSE,"[{""height"":177,""label"":""No Need to Do this Label"",""left"":142,""top"":409,""width"":405}]",683,1024,,
335HHSX8DGN00NZW0UELO9TXB0VHD2,3VMQHMXNFYY535P7V0MRNN4HN3BPRU,Take a short Survey and Draw a bounding box around 1 item (20 cents):,Take a 6-question survey and draw a bounding box around 1 item (20 cents):,Survey and bounding box,$0.20,Mon Nov 25 23:24:20 PST 2019,50,BatchId:3849192;OriginalHitTemplateId:928390838;,3600,86400,Tue Nov 26 23:24:20 PST 2019,3WETL7AQWXQSOMBXW5C2BNZKLKB353,A1TQ7UQSSQP7BD,Submitted,Mon Nov 25 23:25:56 PST 2019,Mon Nov 25 23:30:32 PST 2019,Tue Nov 26 23:30:32 PST 2019,276,0% (0/0),0% (0/0),0% (0/0),TRUE,FALSE,FALSE,FALSE,FALSE,FALSE,TRUE,FALSE,FALSE,TRUE,FALSE,FALSE,FALSE,TRUE,FALSE,FALSE,FALSE,FALSE,FALSE,TRUE,FALSE,FALSE,FALSE,FALSE,FALSE,TRUE,FALSE,"[{""height"":165,""label"":""No Need to Do this Label"",""left"":140,""top"":425,""width"":406}]",683,1024,,
335HHSX8DGN00NZW0UELO9TXB0VHD2,3VMQHMXNFYY535P7V0MRNN4HN3BPRU,Take a short Survey and Draw a bounding box around 1 item (20 cents):,Take a 6-question survey and draw a bounding box around 1 item (20 cents):,Survey and bounding box,$0.20,Mon Nov 25 23:24:20 PST 2019,50,BatchId:3849192;OriginalHitTemplateId:928390838;,3600,86400,Tue Nov 26 23:24:20 PST 2019,3WSELTNVR7KUT9L86G9A1BJ47XPATX,A2NAP4UHM4ALG,Submitted,Mon Nov 25 23:24:41 PST 2019,Mon Nov 25 23:29:12 PST 2019,Tue Nov 26 23:29:12 PST 2019,271,0% (0/0),0% (0/0),0% (0/0),TRUE,FALSE,FALSE,FALSE,FALSE,FALSE,TRUE,FALSE,FALSE,TRUE,FALSE,FALSE,FALSE,TRUE,FALSE,FALSE,FALSE,TRUE,FALSE,FALSE,FALSE,FALSE,FALSE,FALSE,FALSE,FALSE,TRUE,"[{""height"":150,""label"":""No Need to Do this Label"",""left"":145,""top"":430,""width"":398}]",683,1024,,
335HHSX8DGN00NZW0UELO9TXB0VHD2,3VMQHMXNFYY535P7V0MRNN4HN3BPRU,Take a short Survey and Draw a bounding box around 1 item (20 cents):,Take a 6-question survey and draw a bounding box around 1 item (20 cents):,Survey and bounding box,$0.20,Mon Nov 25 23:24:20 PST 2019,50,BatchId:3849192;OriginalHitTemplateId:928390838;,3600,86400,Tue Nov 26 23:24:20 PST 2019,3X3OR7WPZ3ISR8KO09N5JT3SNW38LO,A154J6S2Z9BOKF,Submitted,Mon Nov 25 23:24:44 PST 2019,Mon Nov 25 23:29:04 PST 2019,Tue Nov 26 23:29:04 PST 2019,260,0% (0/0),0% (0/0),0% (0/0),TRUE,FALSE,FALSE,FALSE,FALSE,FALSE,TRUE,FALSE,FALSE,FALSE,TRUE,FALSE,FALSE,FALSE,TRUE,FALSE,FALSE,FALSE,FALSE,TRUE,FALSE,FALSE,FALSE,FALSE,TRUE,FALSE,FALSE,"[{""height"":152,""label"":""No Need to Do this Label"",""left"":147,""top"":425,""width"":397}]",683,1024,,
335HHSX8DGN00NZW0UELO9TXB0VHD2,3VMQHMXNFYY535P7V0MRNN4HN3BPRU,Take a short Survey and Draw a bounding box around 1 item (20 cents):,Take a 6-question survey and draw a bounding box around 1 item (20 cents):,Survey and bounding box,$0.20,Mon Nov 25 23:24:20 PST 2019,50,BatchId:3849192;OriginalHitTemplateId:928390838;,3600,86400,Tue Nov 26 23:24:20 PST 2019,3X66WABAJ00Q4J0HD1VTFKQ9BTPG3Y,A3AJE1ORZMFDON,Submitted,Mon Nov 25 23:25:39 PST 2019,Mon Nov 25 23:28:31 PST 2019,Tue Nov 26 23:28:31 PST 2019,172,0% (0/0),0% (0/0),0% (0/0),FALSE,TRUE,FALSE,FALSE,FALSE,FALSE,TRUE,FALSE,FALSE,TRUE,FALSE,FALSE,FALSE,TRUE,FALSE,FALSE,FALSE,FALSE,TRUE,FALSE,FALSE,FALSE,FALSE,FALSE,FALSE,TRUE,FALSE,"[{""height"":185,""label"":""No Need to Do this Label"",""left"":132,""top"":410,""width"":438}]",683,1024,,
335HHSX8DGN00NZW0UELO9TXB0VHD2,3VMQHMXNFYY535P7V0MRNN4HN3BPRU,Take a short Survey and Draw a bounding box around 1 item (20 cents):,Take a 6-question survey and draw a bounding box around 1 item (20 cents):,Survey and bounding box,$0.20,Mon Nov 25 23:24:20 PST 2019,50,BatchId:3849192;OriginalHitTemplateId:928390838;,3600,86400,Tue Nov 26 23:24:20 PST 2019,3Y9N9SS8L2TNSZQQBBUL9ZNCY19D3L,A2WEEHSZ6LRPIQ,Submitted,Mon Nov 25 23:25:08 PST 2019,Mon Nov 25 23:31:16 PST 2019,Tue Nov 26 23:31:16 PST 2019,368,0% (0/0),0% (0/0),0% (0/0),TRUE,FALSE,FALSE,FALSE,FALSE,FALSE,TRUE,FALSE,FALSE,TRUE,FALSE,FALSE,FALSE,TRUE,FALSE,FALSE,FALSE,FALSE,FALSE,TRUE,FALSE,FALSE,FALSE,FALSE,FALSE,TRUE,FALSE,"[{""height"":148,""label"":""No Need to Do this Label"",""left"":140,""top"":429,""width"":406}]",683,1024,,
335HHSX8DGN00NZW0UELO9TXB0VHD2,3VMQHMXNFYY535P7V0MRNN4HN3BPRU,Take a short Survey and Draw a bounding box around 1 item (20 cents):,Take a 6-question survey and draw a bounding box around 1 item (20 cents):,Survey and bounding box,$0.20,Mon Nov 25 23:24:20 PST 2019,50,BatchId:3849192;OriginalHitTemplateId:928390838;,3600,86400,Tue Nov 26 23:24:20 PST 2019,3ZPBJO59KTJ2M7XPQWJNDTOMH6RDHS,A225Z9CLP61ZJN,Submitted,Mon Nov 25 23:26:05 PST 2019,Mon Nov 25 23:28:58 PST 2019,Tue Nov 26 23:28:58 PST 2019,173,0% (0/0),0% (0/0),0% (0/0),TRUE,FALSE,FALSE,FALSE,FALSE,TRUE,FALSE,FALSE,FALSE,TRUE,FALSE,FALSE,FALSE,FALSE,FALSE,FALSE,TRUE,FALSE,FALSE,TRUE,FALSE,FALSE,FALSE,FALSE,FALSE,TRUE,FALSE,[],683,1024,,
335HHSX8DGN00NZW0UELO9TXB0VHD2,3VMQHMXNFYY535P7V0MRNN4HN3BPRU,Take a short Survey and Draw a bounding box around 1 item (20 cents):,Take a 6-question survey and draw a bounding box around 1 item (20 cents):,Survey and bounding box,$0.20,Mon Nov 25 23:24:20 PST 2019,50,BatchId:3849192;OriginalHitTemplateId:928390838;,3600,86400,Tue Nov 26 23:24:20 PST 2019,3ZSANO2JCJPOA0P1SWQC57Y92UOFSQ,A3KYQT21GQY4X0,Submitted,Mon Nov 25 23:24:33 PST 2019,Mon Nov 25 23:35:57 PST 2019,Tue Nov 26 23:35:57 PST 2019,684,0% (0/0),0% (0/0),0% (0/0),TRUE,FALSE,FALSE,TRUE,FALSE,FALSE,FALSE,FALSE,FALSE,FALSE,FALSE,FALSE,FALSE,TRUE,FALSE,FALSE,FALSE,TRUE,FALSE,FALSE,FALSE,FALSE,FALSE,FALSE,TRUE,FALSE,FALSE,"[{""height"":158,""label"":""No Need to Do this Label"",""left"":144,""top"":420,""width"":402}]",683,1024,,
335HHSX8DGN00NZW0UELO9TXB0VHD2,3VMQHMXNFYY535P7V0MRNN4HN3BPRU,Take a short Survey and Draw a bounding box around 1 item (20 cents):,Take a 6-question survey and draw a bounding box around 1 item (20 cents):,Survey and bounding box,$0.20,Mon Nov 25 23:24:20 PST 2019,50,BatchId:3849192;OriginalHitTemplateId:928390838;,3600,86400,Tue Nov 26 23:24:20 PST 2019,3ZWFC4W1UYPC9LPOD7Q7FXTDGS5FR2,A3GNCNYVIN64OO,Submitted,Mon Nov 25 23:24:27 PST 2019,Mon Nov 25 23:33:31 PST 2019,Tue Nov 26 23:33:31 PST 2019,544,0% (0/0),0% (0/0),0% (0/0),TRUE,FALSE,FALSE,FALSE,FALSE,TRUE,FALSE,FALSE,FALSE,TRUE,FALSE,FALSE,FALSE,TRUE,FALSE,FALSE,FALSE,TRUE,FALSE,FALSE,FALSE,FALSE,FALSE,FALSE,FALSE,TRUE,FALSE,"[{""height"":169,""label"":""No Need to Do this Label"",""left"":140,""top"":416,""width"":403}]",683,1024,,
