top,bottom,right,left,HITId,HITTypeId,Reward,AssignmentDurationInSeconds,WorkerId,AssignmentStatus,LifetimeApprovalRate,Last30DaysApprovalRate,Last7DaysApprovalRate,WorkTimeInSeconds,ImageId,in_treatment,bound_size,bounding_box_score
435,578,544,152,37SDSEDIOCKDFHIRHX0KAUZPJK081M,3VMQHMXNFYY535P7V0MRNN4HN3BPRU,$0.20,3600,A182N7RLXGSCZG,Submitted,0% (0/0),0% (0/0),0% (0/0),45,https://kstonedev.s3-us-west-2.amazonaws.com/W241/openimages/116257e7260fdb51.jpg,0,63188.63825472,20.1646179781167
428,579,545,146,37SDSEDIOCKDFHIRHX0KAUZPJK081M,3VMQHMXNFYY535P7V0MRNN4HN3BPRU,$0.20,3600,A1LITXPXO6OBB8,Submitted,0% (0/0),0% (0/0),0% (0/0),70,https://kstonedev.s3-us-west-2.amazonaws.com/W241/openimages/116257e7260fdb51.jpg,0,63188.63825472,7.32820597430894
405,595,556,135,37SDSEDIOCKDFHIRHX0KAUZPJK081M,3VMQHMXNFYY535P7V0MRNN4HN3BPRU,$0.20,3600,A2OP2ZANIM5ZV,Submitted,0% (0/0),0% (0/0),0% (0/0),103,https://kstonedev.s3-us-west-2.amazonaws.com/W241/openimages/116257e7260fdb51.jpg,0,63188.63825472,38.4431854925245
385,622,584,120,37SDSEDIOCKDFHIRHX0KAUZPJK081M,3VMQHMXNFYY535P7V0MRNN4HN3BPRU,$0.20,3600,A21XECECA39A7I,Submitted,0% (0/0),0% (0/0),0% (0/0),108,https://kstonedev.s3-us-west-2.amazonaws.com/W241/openimages/116257e7260fdb51.jpg,0,63188.63825472,102.597284100155
425,580,543,146,37SDSEDIOCKDFHIRHX0KAUZPJK081M,3VMQHMXNFYY535P7V0MRNN4HN3BPRU,$0.20,3600,A2OFJ6VNONYVK7,Submitted,0% (0/0),0% (0/0),0% (0/0),109,https://kstonedev.s3-us-west-2.amazonaws.com/W241/openimages/116257e7260fdb51.jpg,0,63188.63825472,4.74388115074187
416,577,546,145,37SDSEDIOCKDFHIRHX0KAUZPJK081M,3VMQHMXNFYY535P7V0MRNN4HN3BPRU,$0.20,3600,A10BX5AD14TGMB,Submitted,0% (0/0),0% (0/0),0% (0/0),114,https://kstonedev.s3-us-west-2.amazonaws.com/W241/openimages/116257e7260fdb51.jpg,0,63188.63825472,12.4379236470043
377,597,580,126,37SDSEDIOCKDFHIRHX0KAUZPJK081M,3VMQHMXNFYY535P7V0MRNN4HN3BPRU,$0.20,3600,AI0FUDIB6LJ7S,Submitted,0% (0/0),0% (0/0),0% (0/0),114,https://kstonedev.s3-us-west-2.amazonaws.com/W241/openimages/116257e7260fdb51.jpg,0,63188.63825472,82.4247422035885
431,585,539,145,37SDSEDIOCKDFHIRHX0KAUZPJK081M,3VMQHMXNFYY535P7V0MRNN4HN3BPRU,$0.20,3600,A16TEDRTHI8H9F,Submitted,0% (0/0),0% (0/0),0% (0/0),118,https://kstonedev.s3-us-west-2.amazonaws.com/W241/openimages/116257e7260fdb51.jpg,0,63188.63825472,13.3125630007246
417,586,567,126,37SDSEDIOCKDFHIRHX0KAUZPJK081M,3VMQHMXNFYY535P7V0MRNN4HN3BPRU,$0.20,3600,A3VWU0WEB2VD48,Submitted,0% (0/0),0% (0/0),0% (0/0),123,https://kstonedev.s3-us-west-2.amazonaws.com/W241/openimages/116257e7260fdb51.jpg,0,63188.63825472,41.4958026098335
430,580,542,146,37SDSEDIOCKDFHIRHX0KAUZPJK081M,3VMQHMXNFYY535P7V0MRNN4HN3BPRU,$0.20,3600,A3G5ZPURJ0XCBG,Submitted,0% (0/0),0% (0/0),0% (0/0),126,https://kstonedev.s3-us-west-2.amazonaws.com/W241/openimages/116257e7260fdb51.jpg,0,63188.63825472,9.37816813437388
422,586,550,138,37SDSEDIOCKDFHIRHX0KAUZPJK081M,3VMQHMXNFYY535P7V0MRNN4HN3BPRU,$0.20,3600,A1ESKJFDQUMBL4,Submitted,0% (0/0),0% (0/0),0% (0/0),136,https://kstonedev.s3-us-west-2.amazonaws.com/W241/openimages/116257e7260fdb51.jpg,0,63188.63825472,13.0510266860313
422,585,551,134,37SDSEDIOCKDFHIRHX0KAUZPJK081M,3VMQHMXNFYY535P7V0MRNN4HN3BPRU,$0.20,3600,A4TQSZDPARE7I,Submitted,0% (0/0),0% (0/0),0% (0/0),142,https://kstonedev.s3-us-west-2.amazonaws.com/W241/openimages/116257e7260fdb51.jpg,0,63188.63825472,16.8459334176911
425,582,549,146,37SDSEDIOCKDFHIRHX0KAUZPJK081M,3VMQHMXNFYY535P7V0MRNN4HN3BPRU,$0.20,3600,A1OCEC1TBE3CWA,Submitted,0% (0/0),0% (0/0),0% (0/0),144,https://kstonedev.s3-us-west-2.amazonaws.com/W241/openimages/116257e7260fdb51.jpg,0,63188.63825472,7.29625713703719
424,588,549,126,37SDSEDIOCKDFHIRHX0KAUZPJK081M,3VMQHMXNFYY535P7V0MRNN4HN3BPRU,$0.20,3600,A2T3D68DRTSOTJ,Submitted,0% (0/0),0% (0/0),0% (0/0),149,https://kstonedev.s3-us-west-2.amazonaws.com/W241/openimages/116257e7260fdb51.jpg,0,63188.63825472,23.0781623029613
425,582,546,144,37SDSEDIOCKDFHIRHX0KAUZPJK081M,3VMQHMXNFYY535P7V0MRNN4HN3BPRU,$0.20,3600,A11Q0SPI53J9DC,Submitted,0% (0/0),0% (0/0),0% (0/0),162,https://kstonedev.s3-us-west-2.amazonaws.com/W241/openimages/116257e7260fdb51.jpg,0,63188.63825472,2.87534159405321
386,597,581,107,37SDSEDIOCKDFHIRHX0KAUZPJK081M,3VMQHMXNFYY535P7V0MRNN4HN3BPRU,$0.20,3600,A2VIJIP92R2BWD,Submitted,0% (0/0),0% (0/0),0% (0/0),162,https://kstonedev.s3-us-west-2.amazonaws.com/W241/openimages/116257e7260fdb51.jpg,0,63188.63825472,92.3179191489072
431,576,545,144,37SDSEDIOCKDFHIRHX0KAUZPJK081M,3VMQHMXNFYY535P7V0MRNN4HN3BPRU,$0.20,3600,A1G7BBC1DT0YZ6,Submitted,0% (0/0),0% (0/0),0% (0/0),170,https://kstonedev.s3-us-west-2.amazonaws.com/W241/openimages/116257e7260fdb51.jpg,0,63188.63825472,12.0500446182042
428,578,540,143,37SDSEDIOCKDFHIRHX0KAUZPJK081M,3VMQHMXNFYY535P7V0MRNN4HN3BPRU,$0.20,3600,A1QJFM0T6PHFD2,Submitted,0% (0/0),0% (0/0),0% (0/0),175,https://kstonedev.s3-us-west-2.amazonaws.com/W241/openimages/116257e7260fdb51.jpg,0,63188.63825472,9.14766350498792
398,583,556,113,37SDSEDIOCKDFHIRHX0KAUZPJK081M,3VMQHMXNFYY535P7V0MRNN4HN3BPRU,$0.20,3600,A119XB4OETWU59,Submitted,0% (0/0),0% (0/0),0% (0/0),177,https://kstonedev.s3-us-west-2.amazonaws.com/W241/openimages/116257e7260fdb51.jpg,0,63188.63825472,58.7992008272474
425,584,544,143,37SDSEDIOCKDFHIRHX0KAUZPJK081M,3VMQHMXNFYY535P7V0MRNN4HN3BPRU,$0.20,3600,AXPAQGAKQP558,Submitted,0% (0/0),0% (0/0),0% (0/0),183,https://kstonedev.s3-us-west-2.amazonaws.com/W241/openimages/116257e7260fdb51.jpg,0,63188.63825472,4.20878856125586
426,586,549,147,37SDSEDIOCKDFHIRHX0KAUZPJK081M,3VMQHMXNFYY535P7V0MRNN4HN3BPRU,$0.20,3600,A3L3QOG7X0242,Submitted,0% (0/0),0% (0/0),0% (0/0),215,https://kstonedev.s3-us-west-2.amazonaws.com/W241/openimages/116257e7260fdb51.jpg,0,63188.63825472,10.9814583883421
426,580,544,146,37SDSEDIOCKDFHIRHX0KAUZPJK081M,3VMQHMXNFYY535P7V0MRNN4HN3BPRU,$0.20,3600,AAABU3NPTCTAR,Submitted,0% (0/0),0% (0/0),0% (0/0),234,https://kstonedev.s3-us-west-2.amazonaws.com/W241/openimages/116257e7260fdb51.jpg,0,63188.63825472,4.92295275792008
398,583,557,113,37SDSEDIOCKDFHIRHX0KAUZPJK081M,3VMQHMXNFYY535P7V0MRNN4HN3BPRU,$0.20,3600,A2ZSQLANLQ7OC6,Submitted,0% (0/0),0% (0/0),0% (0/0),235,https://kstonedev.s3-us-west-2.amazonaws.com/W241/openimages/116257e7260fdb51.jpg,0,63188.63825472,59.2141635957009
424,580,545,150,37SDSEDIOCKDFHIRHX0KAUZPJK081M,3VMQHMXNFYY535P7V0MRNN4HN3BPRU,$0.20,3600,AF3K80U0YQJMZ,Submitted,0% (0/0),0% (0/0),0% (0/0),239,https://kstonedev.s3-us-west-2.amazonaws.com/W241/openimages/116257e7260fdb51.jpg,0,63188.63825472,7.07487900114365
418,584,554,136,37SDSEDIOCKDFHIRHX0KAUZPJK081M,3VMQHMXNFYY535P7V0MRNN4HN3BPRU,$0.20,3600,A2CYXHEA1EX07O,Submitted,0% (0/0),0% (0/0),0% (0/0),273,https://kstonedev.s3-us-west-2.amazonaws.com/W241/openimages/116257e7260fdb51.jpg,0,63188.63825472,19.0659159772867
399,583,547,141,37SDSEDIOCKDFHIRHX0KAUZPJK081M,3VMQHMXNFYY535P7V0MRNN4HN3BPRU,$0.20,3600,A1MHQSP1POQNXX,Submitted,0% (0/0),0% (0/0),0% (0/0),275,https://kstonedev.s3-us-west-2.amazonaws.com/W241/openimages/116257e7260fdb51.jpg,0,63188.63825472,28.2046219442214
430,581,544,144,37SDSEDIOCKDFHIRHX0KAUZPJK081M,3VMQHMXNFYY535P7V0MRNN4HN3BPRU,$0.20,3600,A2RCMJLGDWYFO,Submitted,0% (0/0),0% (0/0),0% (0/0),280,https://kstonedev.s3-us-west-2.amazonaws.com/W241/openimages/116257e7260fdb51.jpg,0,63188.63825472,6.67403679140257
418,584,549,150,37SDSEDIOCKDFHIRHX0KAUZPJK081M,3VMQHMXNFYY535P7V0MRNN4HN3BPRU,$0.20,3600,A2W32ASFEXZE5I,Submitted,0% (0/0),0% (0/0),0% (0/0),294,https://kstonedev.s3-us-west-2.amazonaws.com/W241/openimages/116257e7260fdb51.jpg,0,63188.63825472,14.7031067346332
425,583,540,145,37SDSEDIOCKDFHIRHX0KAUZPJK081M,3VMQHMXNFYY535P7V0MRNN4HN3BPRU,$0.20,3600,A366YWY1JQO4DH,Submitted,0% (0/0),0% (0/0),0% (0/0),315,https://kstonedev.s3-us-west-2.amazonaws.com/W241/openimages/116257e7260fdb51.jpg,0,63188.63825472,7.33296168436656
426,579,543,145,37SDSEDIOCKDFHIRHX0KAUZPJK081M,3VMQHMXNFYY535P7V0MRNN4HN3BPRU,$0.20,3600,A27JY3V78RDGFY,Submitted,0% (0/0),0% (0/0),0% (0/0),322,https://kstonedev.s3-us-west-2.amazonaws.com/W241/openimages/116257e7260fdb51.jpg,0,63188.63825472,5.17285221130469
425,582,545,144,37SDSEDIOCKDFHIRHX0KAUZPJK081M,3VMQHMXNFYY535P7V0MRNN4HN3BPRU,$0.20,3600,A1EIMXVUOG49SJ,Submitted,0% (0/0),0% (0/0),0% (0/0),347,https://kstonedev.s3-us-west-2.amazonaws.com/W241/openimages/116257e7260fdb51.jpg,0,63188.63825472,2.25009218681938
429,577,542,146,37SDSEDIOCKDFHIRHX0KAUZPJK081M,3VMQHMXNFYY535P7V0MRNN4HN3BPRU,$0.20,3600,A279HK0GY9PIJ0,Submitted,0% (0/0),0% (0/0),0% (0/0),380,https://kstonedev.s3-us-west-2.amazonaws.com/W241/openimages/116257e7260fdb51.jpg,0,63188.63825472,10.4468276614967
417,588,565,138,37SDSEDIOCKDFHIRHX0KAUZPJK081M,3VMQHMXNFYY535P7V0MRNN4HN3BPRU,$0.20,3600,A1NJQZGRNLH6RO,Submitted,0% (0/0),0% (0/0),0% (0/0),387,https://kstonedev.s3-us-west-2.amazonaws.com/W241/openimages/116257e7260fdb51.jpg,0,63188.63825472,30.346176764389
431,582,543,146,37SDSEDIOCKDFHIRHX0KAUZPJK081M,3VMQHMXNFYY535P7V0MRNN4HN3BPRU,$0.20,3600,A20P4INLPHG8VA,Submitted,0% (0/0),0% (0/0),0% (0/0),415,https://kstonedev.s3-us-west-2.amazonaws.com/W241/openimages/116257e7260fdb51.jpg,0,63188.63825472,10.0125959672757
423,582,546,146,37SDSEDIOCKDFHIRHX0KAUZPJK081M,3VMQHMXNFYY535P7V0MRNN4HN3BPRU,$0.20,3600,A3I7ZBU31VKOMC,Submitted,0% (0/0),0% (0/0),0% (0/0),426,https://kstonedev.s3-us-west-2.amazonaws.com/W241/openimages/116257e7260fdb51.jpg,0,63188.63825472,4.51112382585576
427,581,549,142,37SDSEDIOCKDFHIRHX0KAUZPJK081M,3VMQHMXNFYY535P7V0MRNN4HN3BPRU,$0.20,3600,A1EA65VORB7TPU,Submitted,0% (0/0),0% (0/0),0% (0/0),452,https://kstonedev.s3-us-west-2.amazonaws.com/W241/openimages/116257e7260fdb51.jpg,0,63188.63825472,6.65240965912506
426,576,556,136,37SDSEDIOCKDFHIRHX0KAUZPJK081M,3VMQHMXNFYY535P7V0MRNN4HN3BPRU,$0.20,3600,A19Q990ORTCBN4,Submitted,0% (0/0),0% (0/0),0% (0/0),504,https://kstonedev.s3-us-west-2.amazonaws.com/W241/openimages/116257e7260fdb51.jpg,0,63188.63825472,20.4324428745432
429,578,543,146,37SDSEDIOCKDFHIRHX0KAUZPJK081M,3VMQHMXNFYY535P7V0MRNN4HN3BPRU,$0.20,3600,A3AHAY1VIJDCGX,Submitted,0% (0/0),0% (0/0),0% (0/0),522,https://kstonedev.s3-us-west-2.amazonaws.com/W241/openimages/116257e7260fdb51.jpg,0,63188.63825472,9.2582890324839
492,499,157,147,37SDSEDIOCKDFHIRHX0KAUZPJK081M,3VMQHMXNFYY535P7V0MRNN4HN3BPRU,$0.20,3600,A3AHAY1VIJDCGX,Submitted,0% (0/0),0% (0/0),0% (0/0),522,https://kstonedev.s3-us-west-2.amazonaws.com/W241/openimages/116257e7260fdb51.jpg,0,63188.63825472,475.639856083045
426,585,545,142,37SDSEDIOCKDFHIRHX0KAUZPJK081M,3VMQHMXNFYY535P7V0MRNN4HN3BPRU,$0.20,3600,AWYK8MO0YQGXG,Submitted,0% (0/0),0% (0/0),0% (0/0),537,https://kstonedev.s3-us-west-2.amazonaws.com/W241/openimages/116257e7260fdb51.jpg,0,63188.63825472,6.25702042382438
428,574,539,143,37SDSEDIOCKDFHIRHX0KAUZPJK081M,3VMQHMXNFYY535P7V0MRNN4HN3BPRU,$0.20,3600,A18EWG6CNKAO2J,Submitted,0% (0/0),0% (0/0),0% (0/0),629,https://kstonedev.s3-us-west-2.amazonaws.com/W241/openimages/116257e7260fdb51.jpg,0,63188.63825472,13.9236996702362
426,585,546,142,37SDSEDIOCKDFHIRHX0KAUZPJK081M,3VMQHMXNFYY535P7V0MRNN4HN3BPRU,$0.20,3600,A2WYGPR0ECWJFZ,Submitted,0% (0/0),0% (0/0),0% (0/0),635,https://kstonedev.s3-us-west-2.amazonaws.com/W241/openimages/116257e7260fdb51.jpg,0,63188.63825472,6.64347332973645
431,581,542,145,37SDSEDIOCKDFHIRHX0KAUZPJK081M,3VMQHMXNFYY535P7V0MRNN4HN3BPRU,$0.20,3600,A37YC7R1H04X9P,Submitted,0% (0/0),0% (0/0),0% (0/0),751,https://kstonedev.s3-us-west-2.amazonaws.com/W241/openimages/116257e7260fdb51.jpg,0,63188.63825472,9.1212833123736
429,577,543,141,37SDSEDIOCKDFHIRHX0KAUZPJK081M,3VMQHMXNFYY535P7V0MRNN4HN3BPRU,$0.20,3600,A2G44A4ZPWRPXU,Submitted,0% (0/0),0% (0/0),0% (0/0),931,https://kstonedev.s3-us-west-2.amazonaws.com/W241/openimages/116257e7260fdb51.jpg,0,63188.63825472,9.90639918383073
430,583,544,146,37SDSEDIOCKDFHIRHX0KAUZPJK081M,3VMQHMXNFYY535P7V0MRNN4HN3BPRU,$0.20,3600,A1XBVNMQLREX5A,Submitted,0% (0/0),0% (0/0),0% (0/0),997,https://kstonedev.s3-us-west-2.amazonaws.com/W241/openimages/116257e7260fdb51.jpg,0,63188.63825472,9.34607543852009
425,582,545,142,37SDSEDIOCKDFHIRHX0KAUZPJK081M,3VMQHMXNFYY535P7V0MRNN4HN3BPRU,$0.20,3600,A20NUGCPGHLZGD,Submitted,0% (0/0),0% (0/0),0% (0/0),1019,https://kstonedev.s3-us-west-2.amazonaws.com/W241/openimages/116257e7260fdb51.jpg,0,63188.63825472,2.75090224812767
428,574,546,145,37SDSEDIOCKDFHIRHX0KAUZPJK081M,3VMQHMXNFYY535P7V0MRNN4HN3BPRU,$0.20,3600,A34A8A4MZ1V53Y,Submitted,0% (0/0),0% (0/0),0% (0/0),1054,https://kstonedev.s3-us-west-2.amazonaws.com/W241/openimages/116257e7260fdb51.jpg,0,63188.63825472,11.4144266655842
431,580,547,148,37SDSEDIOCKDFHIRHX0KAUZPJK081M,3VMQHMXNFYY535P7V0MRNN4HN3BPRU,$0.20,3600,A134M46ZP1H02D,Submitted,0% (0/0),0% (0/0),0% (0/0),1058,https://kstonedev.s3-us-west-2.amazonaws.com/W241/openimages/116257e7260fdb51.jpg,0,63188.63825472,12.1336595116126
429,583,544,148,37SDSEDIOCKDFHIRHX0KAUZPJK081M,3VMQHMXNFYY535P7V0MRNN4HN3BPRU,$0.20,3600,A2WWMDOUR0HL4Q,Submitted,0% (0/0),0% (0/0),0% (0/0),1085,https://kstonedev.s3-us-west-2.amazonaws.com/W241/openimages/116257e7260fdb51.jpg,0,63188.63825472,10.0934760441994
505,526,518,475,37SDSEDIOCKDFHIRHX0KAUZPJK081M,3VMQHMXNFYY535P7V0MRNN4HN3BPRU,$0.20,3600,A2WWMDOUR0HL4Q,Submitted,0% (0/0),0% (0/0),0% (0/0),1085,https://kstonedev.s3-us-west-2.amazonaws.com/W241/openimages/116257e7260fdb51.jpg,0,63188.63825472,421.438072109309
426,578,544,141,37SDSEDIOCKDFHIRHX0KAUZPJK081M,3VMQHMXNFYY535P7V0MRNN4HN3BPRU,$0.20,3600,A2AKGKD22DWZHI,Submitted,0% (0/0),0% (0/0),0% (0/0),1114,https://kstonedev.s3-us-west-2.amazonaws.com/W241/openimages/116257e7260fdb51.jpg,0,63188.63825472,5.91691929993221
424,580,548,141,37SDSEDIOCKDFHIRHX0KAUZPJK081M,3VMQHMXNFYY535P7V0MRNN4HN3BPRU,$0.20,3600,A1H8AABW86LBCO,Submitted,0% (0/0),0% (0/0),0% (0/0),1158,https://kstonedev.s3-us-west-2.amazonaws.com/W241/openimages/116257e7260fdb51.jpg,0,63188.63825472,5.92312309497615
426,580,542,146,335HHSX8DGN00NZW0UELO9TXB0VHD2,3VMQHMXNFYY535P7V0MRNN4HN3BPRU,$0.20,3600,A2QLZ92VQ01A4Q,Submitted,0% (0/0),0% (0/0),0% (0/0),135,https://kstonedev.s3-us-west-2.amazonaws.com/W241/openimages/116257e7260fdb51.jpg,1,63188.63825472,6.13508664529251
426,581,559,114,335HHSX8DGN00NZW0UELO9TXB0VHD2,3VMQHMXNFYY535P7V0MRNN4HN3BPRU,$0.20,3600,A218BGZJ249RHB,Submitted,0% (0/0),0% (0/0),0% (0/0),274,https://kstonedev.s3-us-west-2.amazonaws.com/W241/openimages/116257e7260fdb51.jpg,1,63188.63825472,43.8586068296234
424,579,545,143,335HHSX8DGN00NZW0UELO9TXB0VHD2,3VMQHMXNFYY535P7V0MRNN4HN3BPRU,$0.20,3600,A1E6E0XZ1BX1AR,Submitted,0% (0/0),0% (0/0),0% (0/0),94,https://kstonedev.s3-us-west-2.amazonaws.com/W241/openimages/116257e7260fdb51.jpg,1,63188.63825472,2.3921417273409
423,586,545,141,335HHSX8DGN00NZW0UELO9TXB0VHD2,3VMQHMXNFYY535P7V0MRNN4HN3BPRU,$0.20,3600,A10463CXXO00VE,Submitted,0% (0/0),0% (0/0),0% (0/0),132,https://kstonedev.s3-us-west-2.amazonaws.com/W241/openimages/116257e7260fdb51.jpg,1,63188.63825472,6.59180462622781
416,591,539,148,335HHSX8DGN00NZW0UELO9TXB0VHD2,3VMQHMXNFYY535P7V0MRNN4HN3BPRU,$0.20,3600,A3C5V0SNXXS5E7,Submitted,0% (0/0),0% (0/0),0% (0/0),315,https://kstonedev.s3-us-west-2.amazonaws.com/W241/openimages/116257e7260fdb51.jpg,1,63188.63825472,20.8122842833903
412,617,570,125,335HHSX8DGN00NZW0UELO9TXB0VHD2,3VMQHMXNFYY535P7V0MRNN4HN3BPRU,$0.20,3600,A3Q9UK9RCL87O8,Submitted,0% (0/0),0% (0/0),0% (0/0),100,https://kstonedev.s3-us-west-2.amazonaws.com/W241/openimages/116257e7260fdb51.jpg,1,63188.63825472,68.4673333664572
516,520,657,624,335HHSX8DGN00NZW0UELO9TXB0VHD2,3VMQHMXNFYY535P7V0MRNN4HN3BPRU,$0.20,3600,A8NMM0NXN9JIT,Submitted,0% (0/0),0% (0/0),0% (0/0),1103,https://kstonedev.s3-us-west-2.amazonaws.com/W241/openimages/116257e7260fdb51.jpg,1,63188.63825472,629.715146209444
432,577,542,146,335HHSX8DGN00NZW0UELO9TXB0VHD2,3VMQHMXNFYY535P7V0MRNN4HN3BPRU,$0.20,3600,A8NMM0NXN9JIT,Submitted,0% (0/0),0% (0/0),0% (0/0),1103,https://kstonedev.s3-us-west-2.amazonaws.com/W241/openimages/116257e7260fdb51.jpg,1,63188.63825472,13.2170067281602
425,578,544,148,335HHSX8DGN00NZW0UELO9TXB0VHD2,3VMQHMXNFYY535P7V0MRNN4HN3BPRU,$0.20,3600,A2A3U0GTJ7DK6Q,Submitted,0% (0/0),0% (0/0),0% (0/0),143,https://kstonedev.s3-us-west-2.amazonaws.com/W241/openimages/116257e7260fdb51.jpg,1,63188.63825472,6.71262548316917
,,,,335HHSX8DGN00NZW0UELO9TXB0VHD2,3VMQHMXNFYY535P7V0MRNN4HN3BPRU,$0.20,3600,A6YCL762M6N74,Submitted,0% (0/0),0% (0/0),0% (0/0),363,https://kstonedev.s3-us-west-2.amazonaws.com/W241/openimages/116257e7260fdb51.jpg,1,63188.63825472,
398,579,550,143,335HHSX8DGN00NZW0UELO9TXB0VHD2,3VMQHMXNFYY535P7V0MRNN4HN3BPRU,$0.20,3600,A1FEQPNF3GMLG8,Submitted,0% (0/0),0% (0/0),0% (0/0),83,https://kstonedev.s3-us-west-2.amazonaws.com/W241/openimages/116257e7260fdb51.jpg,1,63188.63825472,28.578885407122
429,576,555,148,335HHSX8DGN00NZW0UELO9TXB0VHD2,3VMQHMXNFYY535P7V0MRNN4HN3BPRU,$0.20,3600,A3BIRWA8ZHZQSL,Submitted,0% (0/0),0% (0/0),0% (0/0),512,https://kstonedev.s3-us-west-2.amazonaws.com/W241/openimages/116257e7260fdb51.jpg,1,63188.63825472,18.3247212294676
428,579,544,145,335HHSX8DGN00NZW0UELO9TXB0VHD2,3VMQHMXNFYY535P7V0MRNN4HN3BPRU,$0.20,3600,A1G10UPKNT2YEX,Submitted,0% (0/0),0% (0/0),0% (0/0),1540,https://kstonedev.s3-us-west-2.amazonaws.com/W241/openimages/116257e7260fdb51.jpg,1,63188.63825472,6.63730255402744
421,579,543,142,335HHSX8DGN00NZW0UELO9TXB0VHD2,3VMQHMXNFYY535P7V0MRNN4HN3BPRU,$0.20,3600,A25WGTFYA70QGZ,Submitted,0% (0/0),0% (0/0),0% (0/0),113,https://kstonedev.s3-us-west-2.amazonaws.com/W241/openimages/116257e7260fdb51.jpg,1,63188.63825472,5.83760033667025
423,586,542,138,335HHSX8DGN00NZW0UELO9TXB0VHD2,3VMQHMXNFYY535P7V0MRNN4HN3BPRU,$0.20,3600,A3KOWY3F88WP94,Submitted,0% (0/0),0% (0/0),0% (0/0),296,https://kstonedev.s3-us-west-2.amazonaws.com/W241/openimages/116257e7260fdb51.jpg,1,63188.63825472,10.1530957469963
430,578,544,148,335HHSX8DGN00NZW0UELO9TXB0VHD2,3VMQHMXNFYY535P7V0MRNN4HN3BPRU,$0.20,3600,AOQIN4AGBL85L,Submitted,0% (0/0),0% (0/0),0% (0/0),1428,https://kstonedev.s3-us-west-2.amazonaws.com/W241/openimages/116257e7260fdb51.jpg,1,63188.63825472,11.5593965081993
425,577,527,148,335HHSX8DGN00NZW0UELO9TXB0VHD2,3VMQHMXNFYY535P7V0MRNN4HN3BPRU,$0.20,3600,A3ABJN1IL7UCZ8,Submitted,0% (0/0),0% (0/0),0% (0/0),62,https://kstonedev.s3-us-west-2.amazonaws.com/W241/openimages/116257e7260fdb51.jpg,1,63188.63825472,23.7944626451384
429,580,541,141,335HHSX8DGN00NZW0UELO9TXB0VHD2,3VMQHMXNFYY535P7V0MRNN4HN3BPRU,$0.20,3600,A2MDORDGPI3WKR,Submitted,0% (0/0),0% (0/0),0% (0/0),88,https://kstonedev.s3-us-west-2.amazonaws.com/W241/openimages/116257e7260fdb51.jpg,1,63188.63825472,8.74774919523474
422,585,550,133,335HHSX8DGN00NZW0UELO9TXB0VHD2,3VMQHMXNFYY535P7V0MRNN4HN3BPRU,$0.20,3600,ASBVFTDEA883R,Submitted,0% (0/0),0% (0/0),0% (0/0),328,https://kstonedev.s3-us-west-2.amazonaws.com/W241/openimages/116257e7260fdb51.jpg,1,63188.63825472,16.8263650178467
427,572,547,148,335HHSX8DGN00NZW0UELO9TXB0VHD2,3VMQHMXNFYY535P7V0MRNN4HN3BPRU,$0.20,3600,AX1TWZNM2XLYO,Submitted,0% (0/0),0% (0/0),0% (0/0),210,https://kstonedev.s3-us-west-2.amazonaws.com/W241/openimages/116257e7260fdb51.jpg,1,63188.63825472,13.942704640126
414,590,551,134,335HHSX8DGN00NZW0UELO9TXB0VHD2,3VMQHMXNFYY535P7V0MRNN4HN3BPRU,$0.20,3600,A3BHKF9NJKCXPB,Submitted,0% (0/0),0% (0/0),0% (0/0),514,https://kstonedev.s3-us-west-2.amazonaws.com/W241/openimages/116257e7260fdb51.jpg,1,63188.63825472,24.8361193384996
429,582,543,145,335HHSX8DGN00NZW0UELO9TXB0VHD2,3VMQHMXNFYY535P7V0MRNN4HN3BPRU,$0.20,3600,AXBFJUI5IFJX2,Submitted,0% (0/0),0% (0/0),0% (0/0),187,https://kstonedev.s3-us-west-2.amazonaws.com/W241/openimages/116257e7260fdb51.jpg,1,63188.63825472,7.18292399176757
365,657,600,27,335HHSX8DGN00NZW0UELO9TXB0VHD2,3VMQHMXNFYY535P7V0MRNN4HN3BPRU,$0.20,3600,A3DDWZOH9DPSP9,Submitted,0% (0/0),0% (0/0),0% (0/0),169,https://kstonedev.s3-us-west-2.amazonaws.com/W241/openimages/116257e7260fdb51.jpg,1,63188.63825472,219.886435984557
371,611,553,130,335HHSX8DGN00NZW0UELO9TXB0VHD2,3VMQHMXNFYY535P7V0MRNN4HN3BPRU,$0.20,3600,A31Y7PAMZO5GVZ,Submitted,0% (0/0),0% (0/0),0% (0/0),330,https://kstonedev.s3-us-west-2.amazonaws.com/W241/openimages/116257e7260fdb51.jpg,1,63188.63825472,86.4956503274376
407,586,553,151,335HHSX8DGN00NZW0UELO9TXB0VHD2,3VMQHMXNFYY535P7V0MRNN4HN3BPRU,$0.20,3600,A1AWR7C38PW42P,Submitted,0% (0/0),0% (0/0),0% (0/0),172,https://kstonedev.s3-us-west-2.amazonaws.com/W241/openimages/116257e7260fdb51.jpg,1,63188.63825472,28.0750772357309
423,576,547,145,335HHSX8DGN00NZW0UELO9TXB0VHD2,3VMQHMXNFYY535P7V0MRNN4HN3BPRU,$0.20,3600,A1BAT5O7WVAFPW,Submitted,0% (0/0),0% (0/0),0% (0/0),201,https://kstonedev.s3-us-west-2.amazonaws.com/W241/openimages/116257e7260fdb51.jpg,1,63188.63825472,7.82521393417684
427,572,540,152,335HHSX8DGN00NZW0UELO9TXB0VHD2,3VMQHMXNFYY535P7V0MRNN4HN3BPRU,$0.20,3600,A2GXKPQB64DZC1,Submitted,0% (0/0),0% (0/0),0% (0/0),223,https://kstonedev.s3-us-west-2.amazonaws.com/W241/openimages/116257e7260fdb51.jpg,1,63188.63825472,18.0013206016344
430,580,544,148,335HHSX8DGN00NZW0UELO9TXB0VHD2,3VMQHMXNFYY535P7V0MRNN4HN3BPRU,$0.20,3600,A9LXSGXZM4IJE,Submitted,0% (0/0),0% (0/0),0% (0/0),499,https://kstonedev.s3-us-west-2.amazonaws.com/W241/openimages/116257e7260fdb51.jpg,1,63188.63825472,10.7805723701168
423,578,547,146,335HHSX8DGN00NZW0UELO9TXB0VHD2,3VMQHMXNFYY535P7V0MRNN4HN3BPRU,$0.20,3600,A1VXOAO2A1F74I,Submitted,0% (0/0),0% (0/0),0% (0/0),2017,https://kstonedev.s3-us-west-2.amazonaws.com/W241/openimages/116257e7260fdb51.jpg,1,63188.63825472,6.55932128825934
430,580,543,145,335HHSX8DGN00NZW0UELO9TXB0VHD2,3VMQHMXNFYY535P7V0MRNN4HN3BPRU,$0.20,3600,A2UHK8HUXXMSVM,Submitted,0% (0/0),0% (0/0),0% (0/0),1002,https://kstonedev.s3-us-west-2.amazonaws.com/W241/openimages/116257e7260fdb51.jpg,1,63188.63825472,8.14092961484138
425,582,547,141,335HHSX8DGN00NZW0UELO9TXB0VHD2,3VMQHMXNFYY535P7V0MRNN4HN3BPRU,$0.20,3600,AAQGL7BD4ADZF,Submitted,0% (0/0),0% (0/0),0% (0/0),625,https://kstonedev.s3-us-west-2.amazonaws.com/W241/openimages/116257e7260fdb51.jpg,1,63188.63825472,5.12624618995228
427,580,545,145,335HHSX8DGN00NZW0UELO9TXB0VHD2,3VMQHMXNFYY535P7V0MRNN4HN3BPRU,$0.20,3600,AKC5R24V6ZBRP,Submitted,0% (0/0),0% (0/0),0% (0/0),46,https://kstonedev.s3-us-west-2.amazonaws.com/W241/openimages/116257e7260fdb51.jpg,1,63188.63825472,4.94235594745027
398,604,578,124,335HHSX8DGN00NZW0UELO9TXB0VHD2,3VMQHMXNFYY535P7V0MRNN4HN3BPRU,$0.20,3600,A10NBQP7W50X1I,Submitted,0% (0/0),0% (0/0),0% (0/0),172,https://kstonedev.s3-us-west-2.amazonaws.com/W241/openimages/116257e7260fdb51.jpg,1,63188.63825472,72.3586931597812
375,382,105,77,335HHSX8DGN00NZW0UELO9TXB0VHD2,3VMQHMXNFYY535P7V0MRNN4HN3BPRU,$0.20,3600,A10NBQP7W50X1I,Submitted,0% (0/0),0% (0/0),0% (0/0),172,https://kstonedev.s3-us-west-2.amazonaws.com/W241/openimages/116257e7260fdb51.jpg,1,63188.63825472,652.135067775022
,,,,335HHSX8DGN00NZW0UELO9TXB0VHD2,3VMQHMXNFYY535P7V0MRNN4HN3BPRU,$0.20,3600,AZ6VY1EDA2WF,Submitted,0% (0/0),0% (0/0),0% (0/0),43,https://kstonedev.s3-us-west-2.amazonaws.com/W241/openimages/116257e7260fdb51.jpg,1,63188.63825472,
427,590,555,145,335HHSX8DGN00NZW0UELO9TXB0VHD2,3VMQHMXNFYY535P7V0MRNN4HN3BPRU,$0.20,3600,A2X8VQ62EQADWD,Submitted,0% (0/0),0% (0/0),0% (0/0),203,https://kstonedev.s3-us-west-2.amazonaws.com/W241/openimages/116257e7260fdb51.jpg,1,63188.63825472,19.933822065491
424,582,541,148,335HHSX8DGN00NZW0UELO9TXB0VHD2,3VMQHMXNFYY535P7V0MRNN4HN3BPRU,$0.20,3600,A1R7JSHFIWADMO,Submitted,0% (0/0),0% (0/0),0% (0/0),270,https://kstonedev.s3-us-west-2.amazonaws.com/W241/openimages/116257e7260fdb51.jpg,1,63188.63825472,8.3865355787142
425,582,544,145,335HHSX8DGN00NZW0UELO9TXB0VHD2,3VMQHMXNFYY535P7V0MRNN4HN3BPRU,$0.20,3600,A3KB2DY7SADI3Z,Submitted,0% (0/0),0% (0/0),0% (0/0),319,https://kstonedev.s3-us-west-2.amazonaws.com/W241/openimages/116257e7260fdb51.jpg,1,63188.63825472,3.10809891893932
374,433,405,387,335HHSX8DGN00NZW0UELO9TXB0VHD2,3VMQHMXNFYY535P7V0MRNN4HN3BPRU,$0.20,3600,A3R4SD33QQVAJX,Submitted,0% (0/0),0% (0/0),0% (0/0),273,https://kstonedev.s3-us-west-2.amazonaws.com/W241/openimages/116257e7260fdb51.jpg,1,63188.63825472,433.390911229851
357,620,562,113,335HHSX8DGN00NZW0UELO9TXB0VHD2,3VMQHMXNFYY535P7V0MRNN4HN3BPRU,$0.20,3600,A3R4SD33QQVAJX,Submitted,0% (0/0),0% (0/0),0% (0/0),273,https://kstonedev.s3-us-west-2.amazonaws.com/W241/openimages/116257e7260fdb51.jpg,1,63188.63825472,118.636473967977
426,579,544,143,335HHSX8DGN00NZW0UELO9TXB0VHD2,3VMQHMXNFYY535P7V0MRNN4HN3BPRU,$0.20,3600,A25OEVVN0293PO,Submitted,0% (0/0),0% (0/0),0% (0/0),758,https://kstonedev.s3-us-west-2.amazonaws.com/W241/openimages/116257e7260fdb51.jpg,1,63188.63825472,4.13204648708595
428,581,544,141,335HHSX8DGN00NZW0UELO9TXB0VHD2,3VMQHMXNFYY535P7V0MRNN4HN3BPRU,$0.20,3600,A2CA5NH50MKUPY,Submitted,0% (0/0),0% (0/0),0% (0/0),289,https://kstonedev.s3-us-west-2.amazonaws.com/W241/openimages/116257e7260fdb51.jpg,1,63188.63825472,6.4108764483751
414,627,589,123,335HHSX8DGN00NZW0UELO9TXB0VHD2,3VMQHMXNFYY535P7V0MRNN4HN3BPRU,$0.20,3600,A20TVQ2ZM7QWIP,Submitted,0% (0/0),0% (0/0),0% (0/0),151,https://kstonedev.s3-us-west-2.amazonaws.com/W241/openimages/116257e7260fdb51.jpg,1,63188.63825472,95.7775441013317
426,578,539,146,335HHSX8DGN00NZW0UELO9TXB0VHD2,3VMQHMXNFYY535P7V0MRNN4HN3BPRU,$0.20,3600,A23PA819AQYEV5,Submitted,0% (0/0),0% (0/0),0% (0/0),1361,https://kstonedev.s3-us-west-2.amazonaws.com/W241/openimages/116257e7260fdb51.jpg,1,63188.63825472,9.98031049169471
409,586,547,142,335HHSX8DGN00NZW0UELO9TXB0VHD2,3VMQHMXNFYY535P7V0MRNN4HN3BPRU,$0.20,3600,A210WH51UY4KF1,Submitted,0% (0/0),0% (0/0),0% (0/0),466,https://kstonedev.s3-us-west-2.amazonaws.com/W241/openimages/116257e7260fdb51.jpg,1,63188.63825472,20.3661783972998
425,590,546,140,335HHSX8DGN00NZW0UELO9TXB0VHD2,3VMQHMXNFYY535P7V0MRNN4HN3BPRU,$0.20,3600,A1TQ7UQSSQP7BD,Submitted,0% (0/0),0% (0/0),0% (0/0),276,https://kstonedev.s3-us-west-2.amazonaws.com/W241/openimages/116257e7260fdb51.jpg,1,63188.63825472,11.294823456301
430,580,543,145,335HHSX8DGN00NZW0UELO9TXB0VHD2,3VMQHMXNFYY535P7V0MRNN4HN3BPRU,$0.20,3600,A2NAP4UHM4ALG,Submitted,0% (0/0),0% (0/0),0% (0/0),271,https://kstonedev.s3-us-west-2.amazonaws.com/W241/openimages/116257e7260fdb51.jpg,1,63188.63825472,8.14092961484138
425,577,544,147,335HHSX8DGN00NZW0UELO9TXB0VHD2,3VMQHMXNFYY535P7V0MRNN4HN3BPRU,$0.20,3600,A154J6S2Z9BOKF,Submitted,0% (0/0),0% (0/0),0% (0/0),260,https://kstonedev.s3-us-west-2.amazonaws.com/W241/openimages/116257e7260fdb51.jpg,1,63188.63825472,6.59555569942892
410,595,570,132,335HHSX8DGN00NZW0UELO9TXB0VHD2,3VMQHMXNFYY535P7V0MRNN4HN3BPRU,$0.20,3600,A3AJE1ORZMFDON,Submitted,0% (0/0),0% (0/0),0% (0/0),172,https://kstonedev.s3-us-west-2.amazonaws.com/W241/openimages/116257e7260fdb51.jpg,1,63188.63825472,46.9968657553009
429,577,546,140,335HHSX8DGN00NZW0UELO9TXB0VHD2,3VMQHMXNFYY535P7V0MRNN4HN3BPRU,$0.20,3600,A2WEEHSZ6LRPIQ,Submitted,0% (0/0),0% (0/0),0% (0/0),368,https://kstonedev.s3-us-west-2.amazonaws.com/W241/openimages/116257e7260fdb51.jpg,1,63188.63825472,10.4056048352273
,,,,335HHSX8DGN00NZW0UELO9TXB0VHD2,3VMQHMXNFYY535P7V0MRNN4HN3BPRU,$0.20,3600,A225Z9CLP61ZJN,Submitted,0% (0/0),0% (0/0),0% (0/0),173,https://kstonedev.s3-us-west-2.amazonaws.com/W241/openimages/116257e7260fdb51.jpg,1,63188.63825472,
420,578,546,144,335HHSX8DGN00NZW0UELO9TXB0VHD2,3VMQHMXNFYY535P7V0MRNN4HN3BPRU,$0.20,3600,A3KYQT21GQY4X0,Submitted,0% (0/0),0% (0/0),0% (0/0),684,https://kstonedev.s3-us-west-2.amazonaws.com/W241/openimages/116257e7260fdb51.jpg,1,63188.63825472,7.29238582768954
416,585,543,140,335HHSX8DGN00NZW0UELO9TXB0VHD2,3VMQHMXNFYY535P7V0MRNN4HN3BPRU,$0.20,3600,A3GNCNYVIN64OO,Submitted,0% (0/0),0% (0/0),0% (0/0),544,https://kstonedev.s3-us-west-2.amazonaws.com/W241/openimages/116257e7260fdb51.jpg,1,63188.63825472,13.3903149321817
