HITId,HITTypeId,Title,Description,Keywords,Reward,CreationTime,MaxAssignments,RequesterAnnotation,AssignmentDurationInSeconds,AutoApprovalDelayInSeconds,Expiration,NumberOfSimilarHITs,LifetimeInSeconds,AssignmentId,WorkerId,AssignmentStatus,AcceptTime,SubmitTime,AutoApprovalTime,ApprovalTime,RejectionTime,RequesterFeedback,WorkTimeInSeconds,LifetimeApprovalRate,Last30DaysApprovalRate,Last7DaysApprovalRate,Input.image_url,Answer.annotatedResult.boundingBoxes,Answer.annotatedResult.inputImageProperties.height,Answer.annotatedResult.inputImageProperties.width,Approve,Reject,bounding_box_score
39AYGO6AGI2TPA6ST51KNNG1GMS6NB,3DQQATL6OWW6LD057T0U6XSV9BS4IA,Est 2-to-3 minute job for 35 cents: Draw bounding box around 20 items,Draw bounding boxes around the requested item(s),bounding box,$0.02,Wed Nov 20 21:03:26 PST 2019,25,BatchId:3843733;OriginalHitTemplateId:928390838;,3600,259200,Sat Nov 23 21:03:26 PST 2019,,,3TE3O85734QS8RDCPCB0VEZO62HR22,A2HUTXBZ4YCVYT,Submitted,Wed Nov 20 21:19:35 PST 2019,Wed Nov 20 21:39:47 PST 2019,Sat Nov 23 21:39:47 PST 2019,,,,1212,100% (1/1),100% (1/1),100% (1/1),https://kstonedev.s3-us-west-2.amazonaws.com/W241/openimages/1002f337f91b7932.jpg,"[{""""height"""":200,""""label"""":""""Car"""",""""left"""":376,""""top"""":458,""""width"""":137}]",1024,1024,,,189.305604100756
32TMVRKDHQGU7GFA4FJM8S6SV0N480,3DQQATL6OWW6LD057T0U6XSV9BS4IA,Est 2-to-3 minute job for 35 cents: Draw bounding box around 20 items,Draw bounding boxes around the requested item(s),bounding box,$0.02,Wed Nov 20 21:03:26 PST 2019,25,BatchId:3843733;OriginalHitTemplateId:928390838;,3600,259200,Sat Nov 23 21:03:26 PST 2019,,,3FE2ERCCZ1QL3LM2ZI58XW2C6PPOPD,A2HUTXBZ4YCVYT,Submitted,Wed Nov 20 21:19:26 PST 2019,Wed Nov 20 21:35:28 PST 2019,Sat Nov 23 21:35:28 PST 2019,,,,962,100% (1/1),100% (1/1),100% (1/1),https://kstonedev.s3-us-west-2.amazonaws.com/W241/openimages/101fa29afd6608fc.jpg,"[{""""height"""":56,""""label"""":""""Car"""",""""left"""":861,""""top"""":398,""""width"""":158}]",576,1024,,,20.7113258180963
3W3RSPVVHV9O3LT8DAJ8Q1QSED9ULY,3DQQATL6OWW6LD057T0U6XSV9BS4IA,Est 2-to-3 minute job for 35 cents: Draw bounding box around 20 items,Draw bounding boxes around the requested item(s),bounding box,$0.02,Wed Nov 20 21:03:26 PST 2019,25,BatchId:3843733;OriginalHitTemplateId:928390838;,3600,259200,Sat Nov 23 21:03:26 PST 2019,,,3DI28L7YXEWWA2QBK2RMROQ0Z7E1EJ,A2HUTXBZ4YCVYT,Submitted,Wed Nov 20 21:19:28 PST 2019,Wed Nov 20 21:36:40 PST 2019,Sat Nov 23 21:36:40 PST 2019,,,,1032,100% (1/1),100% (1/1),100% (1/1),https://kstonedev.s3-us-west-2.amazonaws.com/W241/openimages/10496f2878b93ee9.jpg,"[{""""height"""":258,""""label"""":""""Car"""",""""left"""":121,""""top"""":322,""""width"""":730}]",768,1024,,,17.9285794333298
3SMIWMMK74N4EF57HOQAZC78CKDWUT,3DQQATL6OWW6LD057T0U6XSV9BS4IA,Est 2-to-3 minute job for 35 cents: Draw bounding box around 20 items,Draw bounding boxes around the requested item(s),bounding box,$0.02,Wed Nov 20 21:03:26 PST 2019,25,BatchId:3843733;OriginalHitTemplateId:928390838;,3600,259200,Sat Nov 23 21:03:26 PST 2019,,,3MMN5BL1W3MQWTW3O4TOSPA66TIM3K,A2HUTXBZ4YCVYT,Submitted,Wed Nov 20 21:19:19 PST 2019,Wed Nov 20 21:33:25 PST 2019,Sat Nov 23 21:33:25 PST 2019,,,,846,100% (1/1),100% (1/1),100% (1/1),https://kstonedev.s3-us-west-2.amazonaws.com/W241/openimages/104b3a47edc67285.jpg,"[{""""height"""":267,""""label"""":""""Car"""",""""left"""":313,""""top"""":711,""""width"""":194}]",1024,685,,,1020.6140342913
3O0M2G5VD9KULLYK97P08O13F6549P,3DQQATL6OWW6LD057T0U6XSV9BS4IA,Est 2-to-3 minute job for 35 cents: Draw bounding box around 20 items,Draw bounding boxes around the requested item(s),bounding box,$0.02,Wed Nov 20 21:03:26 PST 2019,25,BatchId:3843733;OriginalHitTemplateId:928390838;,3600,259200,Sat Nov 23 21:03:26 PST 2019,,,34PGFRQONSTXMJS6VRRYHUTM0SIWJX,A2HUTXBZ4YCVYT,Submitted,Wed Nov 20 21:19:49 PST 2019,Wed Nov 20 21:45:29 PST 2019,Sat Nov 23 21:45:29 PST 2019,,,,1540,100% (1/1),100% (1/1),100% (1/1),https://kstonedev.s3-us-west-2.amazonaws.com/W241/openimages/108eeb6df9f6b036.jpg,"[{""""height"""":156,""""label"""":""""Car"""",""""left"""":540,""""top"""":394,""""width"""":431}]",740,1024,,,27.961876330966
335VBRUREMICDNVDYD1DHADUSVZ9E0,3DQQATL6OWW6LD057T0U6XSV9BS4IA,Est 2-to-3 minute job for 35 cents: Draw bounding box around 20 items,Draw bounding boxes around the requested item(s),bounding box,$0.02,Wed Nov 20 21:03:26 PST 2019,25,BatchId:3843733;OriginalHitTemplateId:928390838;,3600,259200,Sat Nov 23 21:03:26 PST 2019,,,30LB5CDZNGSUE8WPK61ZYT88ILGZ0J,A2HUTXBZ4YCVYT,Submitted,Wed Nov 20 21:19:04 PST 2019,Wed Nov 20 21:29:00 PST 2019,Sat Nov 23 21:29:00 PST 2019,,,,596,100% (1/1),100% (1/1),100% (1/1),https://kstonedev.s3-us-west-2.amazonaws.com/W241/openimages/116257e7260fdb51.jpg,"[{""""height"""":139,""""label"""":""""Car"""",""""left"""":147,""""top"""":431,""""width"""":391}]",683,1024,,,21.2349081511669
39KV3A5D2BP99NC2KBNYSVQ3YWJS77,3DQQATL6OWW6LD057T0U6XSV9BS4IA,Est 2-to-3 minute job for 35 cents: Draw bounding box around 20 items,Draw bounding boxes around the requested item(s),bounding box,$0.02,Wed Nov 20 21:03:26 PST 2019,25,BatchId:3843733;OriginalHitTemplateId:928390838;,3600,259200,Sat Nov 23 21:03:26 PST 2019,,,3U84XHCDIGVBDWEQ37O1AWYLZXWZ4Z,A2HUTXBZ4YCVYT,Submitted,Wed Nov 20 21:19:50 PST 2019,Wed Nov 20 21:45:58 PST 2019,Sat Nov 23 21:45:58 PST 2019,,,,1568,100% (1/1),100% (1/1),100% (1/1),https://kstonedev.s3-us-west-2.amazonaws.com/W241/openimages/117c0a56e9f25a6c.jpg,"[{""""height"""":227,""""label"""":""""Car"""",""""left"""":232,""""top"""":302,""""width"""":463}]",686,1024,,,63.4603735612979
3B623HUYK78D91HLUGF46VMY9GPS8U,3DQQATL6OWW6LD057T0U6XSV9BS4IA,Est 2-to-3 minute job for 35 cents: Draw bounding box around 20 items,Draw bounding boxes around the requested item(s),bounding box,$0.02,Wed Nov 20 21:03:27 PST 2019,25,BatchId:3843733;OriginalHitTemplateId:928390838;,3600,259200,Sat Nov 23 21:03:27 PST 2019,,,3NL0RFNU0J5GO1F436LRNHA8VOJK4Y,A2HUTXBZ4YCVYT,Submitted,Wed Nov 20 21:19:06 PST 2019,Wed Nov 20 21:30:41 PST 2019,Sat Nov 23 21:30:41 PST 2019,,,,695,100% (1/1),100% (1/1),100% (1/1),https://kstonedev.s3-us-west-2.amazonaws.com/W241/openimages/118ae565963194f2.jpg,"[{""""height"""":114,""""label"""":""""Car"""",""""left"""":544,""""top"""":620,""""width"""":251}]",768,1024,,,8.81721433952886
3QTFNPMJD90VDKQ3VAYVKL9WLQOZNU,3DQQATL6OWW6LD057T0U6XSV9BS4IA,Est 2-to-3 minute job for 35 cents: Draw bounding box around 20 items,Draw bounding boxes around the requested item(s),bounding box,$0.02,Wed Nov 20 21:03:27 PST 2019,25,BatchId:3843733;OriginalHitTemplateId:928390838;,3600,259200,Sat Nov 23 21:03:27 PST 2019,,,37UEWGM5HXQLJ6VG68BMQVPJEW3R1L,A2HUTXBZ4YCVYT,Submitted,Wed Nov 20 21:19:25 PST 2019,Wed Nov 20 21:34:20 PST 2019,Sat Nov 23 21:34:20 PST 2019,,,,895,100% (1/1),100% (1/1),100% (1/1),https://kstonedev.s3-us-west-2.amazonaws.com/W241/openimages/11a5ec59de4bf422.jpg,"[{""""height"""":101,""""label"""":""""Car"""",""""left"""":557,""""top"""":375,""""width"""":195}]",768,1024,,,8.395483299161
3E24UO25R28B7V64UK1X2CG66WX6OQ,3DQQATL6OWW6LD057T0U6XSV9BS4IA,Est 2-to-3 minute job for 35 cents: Draw bounding box around 20 items,Draw bounding boxes around the requested item(s),bounding box,$0.02,Wed Nov 20 21:03:27 PST 2019,25,BatchId:3843733;OriginalHitTemplateId:928390838;,3600,259200,Sat Nov 23 21:03:27 PST 2019,,,3ZSY5X72N1T6FY2HCA9X2R2R77DOR5,A2HUTXBZ4YCVYT,Submitted,Wed Nov 20 21:19:46 PST 2019,Wed Nov 20 21:44:40 PST 2019,Sat Nov 23 21:44:40 PST 2019,,,,1494,100% (1/1),100% (1/1),100% (1/1),https://kstonedev.s3-us-west-2.amazonaws.com/W241/openimages/11b13f14591a1541.jpg,"[{""""height"""":154,""""label"""":""""Car"""",""""left"""":204,""""top"""":367,""""width"""":312}]",768,1024,,,15.2056192396741
3V0TR1NRWDK8Q48P1D304JCNLON4A4,3DQQATL6OWW6LD057T0U6XSV9BS4IA,Est 2-to-3 minute job for 35 cents: Draw bounding box around 20 items,Draw bounding boxes around the requested item(s),bounding box,$0.02,Wed Nov 20 21:03:27 PST 2019,25,BatchId:3843733;OriginalHitTemplateId:928390838;,3600,259200,Sat Nov 23 21:03:27 PST 2019,,,3D8YOU6S9I286KOUG8I8Q23KT6NU6Q,A2HUTXBZ4YCVYT,Submitted,Wed Nov 20 21:19:31 PST 2019,Wed Nov 20 21:37:41 PST 2019,Sat Nov 23 21:37:41 PST 2019,,,,1090,100% (1/1),100% (1/1),100% (1/1),https://kstonedev.s3-us-west-2.amazonaws.com/W241/openimages/11ca5d6eb7a78462.jpg,"[{""""height"""":397,""""label"""":""""Car"""",""""left"""":152,""""top"""":160,""""width"""":842},{""""height"""":7,""""label"""":""""Car"""",""""left"""":586,""""top"""":433,""""width"""":3}]",612,1024,,,21.5700412767831
3YLTXLH3EIO9PK2M535GO3AMPF8PHQ,3DQQATL6OWW6LD057T0U6XSV9BS4IA,Est 2-to-3 minute job for 35 cents: Draw bounding box around 20 items,Draw bounding boxes around the requested item(s),bounding box,$0.02,Wed Nov 20 21:03:27 PST 2019,25,BatchId:3843733;OriginalHitTemplateId:928390838;,3600,259200,Sat Nov 23 21:03:27 PST 2019,,,32KTQ2V7RHXCBVLJ5DUYJ2DS6LSM91,A2HUTXBZ4YCVYT,Submitted,Wed Nov 20 21:19:38 PST 2019,Wed Nov 20 21:40:24 PST 2019,Sat Nov 23 21:40:24 PST 2019,,,,1246,100% (1/1),100% (1/1),100% (1/1),https://kstonedev.s3-us-west-2.amazonaws.com/W241/openimages/11cbd39c3b7f1cb0.jpg,"[{""""height"""":161,""""label"""":""""Car"""",""""left"""":420,""""top"""":221,""""width"""":338}]",678,1024,,,32.532708047303
3L1EFR8WXWN4J1V9TOLJZSYU4WE9FI,3DQQATL6OWW6LD057T0U6XSV9BS4IA,Est 2-to-3 minute job for 35 cents: Draw bounding box around 20 items,Draw bounding boxes around the requested item(s),bounding box,$0.02,Wed Nov 20 21:03:27 PST 2019,25,BatchId:3843733;OriginalHitTemplateId:928390838;,3600,259200,Sat Nov 23 21:03:27 PST 2019,,,3YMU66OBIRQ5YR7GSMKVJERJTCOHGE,A2HUTXBZ4YCVYT,Submitted,Wed Nov 20 21:19:10 PST 2019,Wed Nov 20 21:31:26 PST 2019,Sat Nov 23 21:31:26 PST 2019,,,,736,100% (1/1),100% (1/1),100% (1/1),https://kstonedev.s3-us-west-2.amazonaws.com/W241/openimages/11cc2d6f28ef43e8.jpg,"[{""""height"""":172,""""label"""":""""Car"""",""""left"""":373,""""top"""":331,""""width"""":225}]",768,1024,,,24.14400588092
3FDWKV9VDQK893BTDMKNQE5HEIZUM0,3DQQATL6OWW6LD057T0U6XSV9BS4IA,Est 2-to-3 minute job for 35 cents: Draw bounding box around 20 items,Draw bounding boxes around the requested item(s),bounding box,$0.02,Wed Nov 20 21:03:27 PST 2019,25,BatchId:3843733;OriginalHitTemplateId:928390838;,3600,259200,Sat Nov 23 21:03:27 PST 2019,,,3ERMJ6L4D2A8XCXQQGWE56MMBV4M7P,A2HUTXBZ4YCVYT,Submitted,Wed Nov 20 21:19:31 PST 2019,Wed Nov 20 21:38:24 PST 2019,Sat Nov 23 21:38:24 PST 2019,,,,1133,100% (1/1),100% (1/1),100% (1/1),https://kstonedev.s3-us-west-2.amazonaws.com/W241/openimages/11f2911acdd13dfc.jpg,"[{""""height"""":239,""""label"""":""""Car"""",""""left"""":352,""""top"""":315,""""width"""":545}]",682,1024,,,13.194468798918
3FW4EL5A4O69INYYKKRX5MWRPMZ22Z,3DQQATL6OWW6LD057T0U6XSV9BS4IA,Est 2-to-3 minute job for 35 cents: Draw bounding box around 20 items,Draw bounding boxes around the requested item(s),bounding box,$0.02,Wed Nov 20 21:03:27 PST 2019,25,BatchId:3843733;OriginalHitTemplateId:928390838;,3600,259200,Sat Nov 23 21:03:27 PST 2019,,,34BBWHLWHET1R880D96Y5TEMNDTWIL,A2HUTXBZ4YCVYT,Submitted,Wed Nov 20 21:19:35 PST 2019,Wed Nov 20 21:39:12 PST 2019,Sat Nov 23 21:39:12 PST 2019,,,,1177,100% (1/1),100% (1/1),100% (1/1),https://kstonedev.s3-us-west-2.amazonaws.com/W241/openimages/120d043fcfb8d619.jpg,"[{""""height"""":328,""""label"""":""""Car"""",""""left"""":154,""""top"""":287,""""width"""":735}]",717,1024,,,11.551976554573
3PIOQ99R814ERLWTPNZN3TUHJ89UN0,3DQQATL6OWW6LD057T0U6XSV9BS4IA,Est 2-to-3 minute job for 35 cents: Draw bounding box around 20 items,Draw bounding boxes around the requested item(s),bounding box,$0.02,Wed Nov 20 21:03:27 PST 2019,25,BatchId:3843733;OriginalHitTemplateId:928390838;,3600,259200,Sat Nov 23 21:03:27 PST 2019,,,3WAKVUDHU0YRAK2ZZIN0WG3GOH7U7P,A2HUTXBZ4YCVYT,Submitted,Wed Nov 20 21:19:42 PST 2019,Wed Nov 20 21:41:21 PST 2019,Sat Nov 23 21:41:21 PST 2019,,,,1299,100% (1/1),100% (1/1),100% (1/1),https://kstonedev.s3-us-west-2.amazonaws.com/W241/openimages/1242767b37ed4c77.jpg,"[{""""height"""":279,""""label"""":""""Car"""",""""left"""":119,""""top"""":193,""""width"""":442}]",768,1024,,,9.26290594924063
3ZLW647WBODY35UHOK52OW1JV0Z23A,3DQQATL6OWW6LD057T0U6XSV9BS4IA,Est 2-to-3 minute job for 35 cents: Draw bounding box around 20 items,Draw bounding boxes around the requested item(s),bounding box,$0.02,Wed Nov 20 21:03:27 PST 2019,25,BatchId:3843733;OriginalHitTemplateId:928390838;,3600,259200,Sat Nov 23 21:03:27 PST 2019,,,37WLF8U1WT8U3OJIMUE6KFUMRFPK6J,A2HUTXBZ4YCVYT,Submitted,Wed Nov 20 21:19:44 PST 2019,Wed Nov 20 21:42:50 PST 2019,Sat Nov 23 21:42:50 PST 2019,,,,1386,100% (1/1),100% (1/1),100% (1/1),https://kstonedev.s3-us-west-2.amazonaws.com/W241/openimages/125dab7404579318.jpg,"[{""""height"""":151,""""label"""":""""Car"""",""""left"""":163,""""top"""":402,""""width"""":402}]",683,1024,,,7.76772710285441
3V7ICJJA0DYD9EDH7R3WZUWT3684BZ,3DQQATL6OWW6LD057T0U6XSV9BS4IA,Est 2-to-3 minute job for 35 cents: Draw bounding box around 20 items,Draw bounding boxes around the requested item(s),bounding box,$0.02,Wed Nov 20 21:03:27 PST 2019,25,BatchId:3843733;OriginalHitTemplateId:928390838;,3600,259200,Sat Nov 23 21:03:27 PST 2019,,,3LS2AMNW5J863XNHZVKXX1SMBLBOQ4,A2HUTXBZ4YCVYT,Submitted,Wed Nov 20 21:19:43 PST 2019,Wed Nov 20 21:42:15 PST 2019,Sat Nov 23 21:42:15 PST 2019,,,,1352,100% (1/1),100% (1/1),100% (1/1),https://kstonedev.s3-us-west-2.amazonaws.com/W241/openimages/1271622877a21c47.jpg,"[{""""height"""":49,""""label"""":""""Car"""",""""left"""":158,""""top"""":435,""""width"""":57}]",768,1024,,,993.773535425568
39AYGO6AGI2TPA6ST51KNNG1GMS6NB,3DQQATL6OWW6LD057T0U6XSV9BS4IA,Est 2-to-3 minute job for 35 cents: Draw bounding box around 20 items,Draw bounding boxes around the requested item(s),bounding box,$0.02,Wed Nov 20 21:03:26 PST 2019,25,BatchId:3843733;OriginalHitTemplateId:928390838;,3600,259200,Sat Nov 23 21:03:26 PST 2019,,,39LOEL67OWNBB4UZU3J5N79BMOT83I,A2JKM9ZTUWHVPF,Submitted,Wed Nov 20 21:11:42 PST 2019,Wed Nov 20 21:11:56 PST 2019,Sat Nov 23 21:11:56 PST 2019,,,,14,100% (1/1),100% (1/1),100% (1/1),https://kstonedev.s3-us-west-2.amazonaws.com/W241/openimages/1002f337f91b7932.jpg,"[{""""height"""":248,""""label"""":""""Car"""",""""left"""":341,""""top"""":425,""""width"""":221}]",1024,1024,,,202.870927068876
32TMVRKDHQGU7GFA4FJM8S6SV0N480,3DQQATL6OWW6LD057T0U6XSV9BS4IA,Est 2-to-3 minute job for 35 cents: Draw bounding box around 20 items,Draw bounding boxes around the requested item(s),bounding box,$0.02,Wed Nov 20 21:03:26 PST 2019,25,BatchId:3843733;OriginalHitTemplateId:928390838;,3600,259200,Sat Nov 23 21:03:26 PST 2019,,,3IOEN3P9SB1SXNXWEK8OF0YNI9P612,A2JKM9ZTUWHVPF,Submitted,Wed Nov 20 21:12:04 PST 2019,Wed Nov 20 21:12:18 PST 2019,Sat Nov 23 21:12:18 PST 2019,,,,14,100% (1/1),100% (1/1),100% (1/1),https://kstonedev.s3-us-west-2.amazonaws.com/W241/openimages/101fa29afd6608fc.jpg,"[{""""height"""":109,""""label"""":""""Car"""",""""left"""":849,""""top"""":382,""""width"""":175}]",576,1024,,,46.4026594382351
3W3RSPVVHV9O3LT8DAJ8Q1QSED9ULY,3DQQATL6OWW6LD057T0U6XSV9BS4IA,Est 2-to-3 minute job for 35 cents: Draw bounding box around 20 items,Draw bounding boxes around the requested item(s),bounding box,$0.02,Wed Nov 20 21:03:26 PST 2019,25,BatchId:3843733;OriginalHitTemplateId:928390838;,3600,259200,Sat Nov 23 21:03:26 PST 2019,,,3E1QT0TDFTRQ17CIF6QSRDB056QI8S,A2JKM9ZTUWHVPF,Submitted,Wed Nov 20 21:12:11 PST 2019,Wed Nov 20 21:12:26 PST 2019,Sat Nov 23 21:12:26 PST 2019,,,,15,100% (1/1),100% (1/1),100% (1/1),https://kstonedev.s3-us-west-2.amazonaws.com/W241/openimages/10496f2878b93ee9.jpg,"[{""""height"""":288,""""label"""":""""Car"""",""""left"""":108,""""top"""":304,""""width"""":780}]",768,1024,,,47.5810368040655
3SMIWMMK74N4EF57HOQAZC78CKDWUT,3DQQATL6OWW6LD057T0U6XSV9BS4IA,Est 2-to-3 minute job for 35 cents: Draw bounding box around 20 items,Draw bounding boxes around the requested item(s),bounding box,$0.02,Wed Nov 20 21:03:26 PST 2019,25,BatchId:3843733;OriginalHitTemplateId:928390838;,3600,259200,Sat Nov 23 21:03:26 PST 2019,,,3ZGVPD4G6XZVUHTGI8P9I4ADFWCZTU,A2JKM9ZTUWHVPF,Submitted,Wed Nov 20 21:11:03 PST 2019,Wed Nov 20 21:11:41 PST 2019,Sat Nov 23 21:11:41 PST 2019,,,,38,100% (1/1),100% (1/1),100% (1/1),https://kstonedev.s3-us-west-2.amazonaws.com/W241/openimages/104b3a47edc67285.jpg,"[{""""height"""":306,""""label"""":""""Car"""",""""left"""":271,""""top"""":674,""""width"""":235}]",1024,685,,,999.259937005386
3O0M2G5VD9KULLYK97P08O13F6549P,3DQQATL6OWW6LD057T0U6XSV9BS4IA,Est 2-to-3 minute job for 35 cents: Draw bounding box around 20 items,Draw bounding boxes around the requested item(s),bounding box,$0.02,Wed Nov 20 21:03:26 PST 2019,25,BatchId:3843733;OriginalHitTemplateId:928390838;,3600,259200,Sat Nov 23 21:03:26 PST 2019,,,30MVJZJNHQVMANFY2GH63ALB2RX9JK,A2JKM9ZTUWHVPF,Submitted,Wed Nov 20 21:10:06 PST 2019,Wed Nov 20 21:11:02 PST 2019,Sat Nov 23 21:11:02 PST 2019,,,,56,100% (1/1),100% (1/1),100% (1/1),https://kstonedev.s3-us-west-2.amazonaws.com/W241/openimages/108eeb6df9f6b036.jpg,"[{""""height"""":247,""""label"""":""""Car"""",""""left"""":507,""""top"""":355,""""width"""":495}]",740,1024,,,83.4955155134833
336OE47KJ524RUU7ME0FVY9RQRMWVI,3DQQATL6OWW6LD057T0U6XSV9BS4IA,Est 2-to-3 minute job for 35 cents: Draw bounding box around 20 items,Draw bounding boxes around the requested item(s),bounding box,$0.02,Wed Nov 20 21:03:26 PST 2019,25,BatchId:3843733;OriginalHitTemplateId:928390838;,3600,259200,Sat Nov 23 21:03:26 PST 2019,,,3VAR3R6G1TJ0XTNLD13XBA7MHFP8OD,A2JKM9ZTUWHVPF,Submitted,Wed Nov 20 21:13:18 PST 2019,Wed Nov 20 21:13:46 PST 2019,Sat Nov 23 21:13:46 PST 2019,,,,28,100% (1/1),100% (1/1),100% (1/1),https://kstonedev.s3-us-west-2.amazonaws.com/W241/openimages/10a170e703878553.jpg,"[{""""height"""":253,""""label"""":""""Car"""",""""left"""":245,""""top"""":288,""""width"""":468}]",671,1024,,,136.970519533164
3INZSNUD9387LHHD2IQTBSV9SJY9D7,3DQQATL6OWW6LD057T0U6XSV9BS4IA,Est 2-to-3 minute job for 35 cents: Draw bounding box around 20 items,Draw bounding boxes around the requested item(s),bounding box,$0.02,Wed Nov 20 21:03:26 PST 2019,25,BatchId:3843733;OriginalHitTemplateId:928390838;,3600,259200,Sat Nov 23 21:03:26 PST 2019,,,3SEPORI8WRHQFLU7C8YSNZKLR7SAZL,A2JKM9ZTUWHVPF,Submitted,Wed Nov 20 21:12:33 PST 2019,Wed Nov 20 21:12:45 PST 2019,Sat Nov 23 21:12:45 PST 2019,,,,12,100% (1/1),100% (1/1),100% (1/1),https://kstonedev.s3-us-west-2.amazonaws.com/W241/openimages/10e57672e496cc18.jpg,"[{""""height"""":124,""""label"""":""""Car"""",""""left"""":297,""""top"""":374,""""width"""":163}]",680,1024,,,84.3521753684793
335VBRUREMICDNVDYD1DHADUSVZ9E0,3DQQATL6OWW6LD057T0U6XSV9BS4IA,Est 2-to-3 minute job for 35 cents: Draw bounding box around 20 items,Draw bounding boxes around the requested item(s),bounding box,$0.02,Wed Nov 20 21:03:26 PST 2019,25,BatchId:3843733;OriginalHitTemplateId:928390838;,3600,259200,Sat Nov 23 21:03:26 PST 2019,,,33TIN5LC08SC5CAXOGI9DX0ZFV69YE,A2JKM9ZTUWHVPF,Submitted,Wed Nov 20 21:10:54 PST 2019,Wed Nov 20 21:11:19 PST 2019,Sat Nov 23 21:11:19 PST 2019,,,,25,100% (1/1),100% (1/1),100% (1/1),https://kstonedev.s3-us-west-2.amazonaws.com/W241/openimages/116257e7260fdb51.jpg,"[{""""height"""":229,""""label"""":""""Car"""",""""left"""":104,""""top"""":396,""""width"""":533}]",683,1024,,,155.546645555957
39KV3A5D2BP99NC2KBNYSVQ3YWJS77,3DQQATL6OWW6LD057T0U6XSV9BS4IA,Est 2-to-3 minute job for 35 cents: Draw bounding box around 20 items,Draw bounding boxes around the requested item(s),bounding box,$0.02,Wed Nov 20 21:03:26 PST 2019,25,BatchId:3843733;OriginalHitTemplateId:928390838;,3600,259200,Sat Nov 23 21:03:26 PST 2019,,,3TUI152ZZF5L75GGTTMML5FEIA11QU,A2JKM9ZTUWHVPF,Submitted,Wed Nov 20 21:09:49 PST 2019,Wed Nov 20 21:10:05 PST 2019,Sat Nov 23 21:10:05 PST 2019,,,,16,100% (1/1),100% (1/1),100% (1/1),https://kstonedev.s3-us-west-2.amazonaws.com/W241/openimages/117c0a56e9f25a6c.jpg,"[{""""height"""":322,""""label"""":""""Car"""",""""left"""":98,""""top"""":261,""""width"""":645}]",686,1024,,,152.149399512767
3B623HUYK78D91HLUGF46VMY9GPS8U,3DQQATL6OWW6LD057T0U6XSV9BS4IA,Est 2-to-3 minute job for 35 cents: Draw bounding box around 20 items,Draw bounding boxes around the requested item(s),bounding box,$0.02,Wed Nov 20 21:03:27 PST 2019,25,BatchId:3843733;OriginalHitTemplateId:928390838;,3600,259200,Sat Nov 23 21:03:27 PST 2019,,,3WR9XG3T67TSTM8KKCWIJC5MP4J47C,A2JKM9ZTUWHVPF,Submitted,Wed Nov 20 21:09:35 PST 2019,Wed Nov 20 21:09:49 PST 2019,Sat Nov 23 21:09:49 PST 2019,,,,14,100% (1/1),100% (1/1),100% (1/1),https://kstonedev.s3-us-west-2.amazonaws.com/W241/openimages/118ae565963194f2.jpg,"[{""""height"""":148,""""label"""":""""Car"""",""""left"""":542,""""top"""":598,""""width"""":258}]",768,1024,,,29.4522357178176
3QTFNPMJD90VDKQ3VAYVKL9WLQOZNU,3DQQATL6OWW6LD057T0U6XSV9BS4IA,Est 2-to-3 minute job for 35 cents: Draw bounding box around 20 items,Draw bounding boxes around the requested item(s),bounding box,$0.02,Wed Nov 20 21:03:27 PST 2019,25,BatchId:3843733;OriginalHitTemplateId:928390838;,3600,259200,Sat Nov 23 21:03:27 PST 2019,,,36PW28KO43ES4Q3BGLKF2PJ331JEAJ,A2JKM9ZTUWHVPF,Submitted,Wed Nov 20 21:12:40 PST 2019,Wed Nov 20 21:12:52 PST 2019,Sat Nov 23 21:12:52 PST 2019,,,,12,100% (1/1),100% (1/1),100% (1/1),https://kstonedev.s3-us-west-2.amazonaws.com/W241/openimages/11a5ec59de4bf422.jpg,"[{""""height"""":145,""""label"""":""""Car"""",""""left"""":527,""""top"""":340,""""width"""":244}]",768,1024,,,72.1944924736648
3E24UO25R28B7V64UK1X2CG66WX6OQ,3DQQATL6OWW6LD057T0U6XSV9BS4IA,Est 2-to-3 minute job for 35 cents: Draw bounding box around 20 items,Draw bounding boxes around the requested item(s),bounding box,$0.02,Wed Nov 20 21:03:27 PST 2019,25,BatchId:3843733;OriginalHitTemplateId:928390838;,3600,259200,Sat Nov 23 21:03:27 PST 2019,,,3GA6AFUKOS644FVSX7DB0K2AP7J3HS,A2JKM9ZTUWHVPF,Submitted,Wed Nov 20 21:12:45 PST 2019,Wed Nov 20 21:12:58 PST 2019,Sat Nov 23 21:12:58 PST 2019,,,,13,100% (1/1),100% (1/1),100% (1/1),https://kstonedev.s3-us-west-2.amazonaws.com/W241/openimages/11b13f14591a1541.jpg,"[{""""height"""":213,""""label"""":""""Car"""",""""left"""":183,""""top"""":324,""""width"""":360}]",768,1024,,,64.0663724709288
3V0TR1NRWDK8Q48P1D304JCNLON4A4,3DQQATL6OWW6LD057T0U6XSV9BS4IA,Est 2-to-3 minute job for 35 cents: Draw bounding box around 20 items,Draw bounding boxes around the requested item(s),bounding box,$0.02,Wed Nov 20 21:03:27 PST 2019,25,BatchId:3843733;OriginalHitTemplateId:928390838;,3600,259200,Sat Nov 23 21:03:27 PST 2019,,,30ZX6P7VFCDBA3UZH72RTNDXWLNJ22,A2JKM9ZTUWHVPF,Submitted,Wed Nov 20 21:13:17 PST 2019,Wed Nov 20 21:13:42 PST 2019,Sat Nov 23 21:13:42 PST 2019,,,,25,100% (1/1),100% (1/1),100% (1/1),https://kstonedev.s3-us-west-2.amazonaws.com/W241/openimages/11ca5d6eb7a78462.jpg,"[{""""height"""":442,""""label"""":""""Car"""",""""left"""":132,""""top"""":137,""""width"""":871}]",612,1024,,,34.665667847196
3YLTXLH3EIO9PK2M535GO3AMPF8PHQ,3DQQATL6OWW6LD057T0U6XSV9BS4IA,Est 2-to-3 minute job for 35 cents: Draw bounding box around 20 items,Draw bounding boxes around the requested item(s),bounding box,$0.02,Wed Nov 20 21:03:27 PST 2019,25,BatchId:3843733;OriginalHitTemplateId:928390838;,3600,259200,Sat Nov 23 21:03:27 PST 2019,,,3LRKMWOKB9Z1AIZ3ZT5DHH1NFJ02Z6,A2JKM9ZTUWHVPF,Submitted,Wed Nov 20 21:11:56 PST 2019,Wed Nov 20 21:12:11 PST 2019,Sat Nov 23 21:12:11 PST 2019,,,,15,100% (1/1),100% (1/1),100% (1/1),https://kstonedev.s3-us-west-2.amazonaws.com/W241/openimages/11cbd39c3b7f1cb0.jpg,"[{""""height"""":221,""""label"""":""""Car"""",""""left"""":391,""""top"""":177,""""width"""":399}]",678,1024,,,15.8485887559059
3L1EFR8WXWN4J1V9TOLJZSYU4WE9FI,3DQQATL6OWW6LD057T0U6XSV9BS4IA,Est 2-to-3 minute job for 35 cents: Draw bounding box around 20 items,Draw bounding boxes around the requested item(s),bounding box,$0.02,Wed Nov 20 21:03:27 PST 2019,25,BatchId:3843733;OriginalHitTemplateId:928390838;,3600,259200,Sat Nov 23 21:03:27 PST 2019,,,3MTMREQS4Z0MLQP21LELOVQ3A5OAWV,A2JKM9ZTUWHVPF,Submitted,Wed Nov 20 21:12:26 PST 2019,Wed Nov 20 21:12:40 PST 2019,Sat Nov 23 21:12:40 PST 2019,,,,14,100% (1/1),100% (1/1),100% (1/1),https://kstonedev.s3-us-west-2.amazonaws.com/W241/openimages/11cc2d6f28ef43e8.jpg,"[{""""height"""":242,""""label"""":""""Car"""",""""left"""":356,""""top"""":288,""""width"""":312}]",768,1024,,,33.6027758161197
3FDWKV9VDQK893BTDMKNQE5HEIZUM0,3DQQATL6OWW6LD057T0U6XSV9BS4IA,Est 2-to-3 minute job for 35 cents: Draw bounding box around 20 items,Draw bounding boxes around the requested item(s),bounding box,$0.02,Wed Nov 20 21:03:27 PST 2019,25,BatchId:3843733;OriginalHitTemplateId:928390838;,3600,259200,Sat Nov 23 21:03:27 PST 2019,,,3JAOYWH7VMMS5D3Y51TJJPY36G29LM,A2JKM9ZTUWHVPF,Submitted,Wed Nov 20 21:10:17 PST 2019,Wed Nov 20 21:10:53 PST 2019,Sat Nov 23 21:10:53 PST 2019,,,,36,100% (1/1),100% (1/1),100% (1/1),https://kstonedev.s3-us-west-2.amazonaws.com/W241/openimages/11f2911acdd13dfc.jpg,"[{""""height"""":324,""""label"""":""""Car"""",""""left"""":325,""""top"""":257,""""width"""":601}]",682,1024,,,28.9485539200147
3FW4EL5A4O69INYYKKRX5MWRPMZ22Z,3DQQATL6OWW6LD057T0U6XSV9BS4IA,Est 2-to-3 minute job for 35 cents: Draw bounding box around 20 items,Draw bounding boxes around the requested item(s),bounding box,$0.02,Wed Nov 20 21:03:27 PST 2019,25,BatchId:3843733;OriginalHitTemplateId:928390838;,3600,259200,Sat Nov 23 21:03:27 PST 2019,,,3IRIK4HM3E2CKQ7UUHX8WWHEM6G6CS,A2JKM9ZTUWHVPF,Submitted,Wed Nov 20 21:13:04 PST 2019,Wed Nov 20 21:13:16 PST 2019,Sat Nov 23 21:13:16 PST 2019,,,,12,100% (1/1),100% (1/1),100% (1/1),https://kstonedev.s3-us-west-2.amazonaws.com/W241/openimages/120d043fcfb8d619.jpg,"[{""""height"""":417,""""label"""":""""Car"""",""""left"""":112,""""top"""":224,""""width"""":825}]",717,1024,,,43.2154255764297
3PIOQ99R814ERLWTPNZN3TUHJ89UN0,3DQQATL6OWW6LD057T0U6XSV9BS4IA,Est 2-to-3 minute job for 35 cents: Draw bounding box around 20 items,Draw bounding boxes around the requested item(s),bounding box,$0.02,Wed Nov 20 21:03:27 PST 2019,25,BatchId:3843733;OriginalHitTemplateId:928390838;,3600,259200,Sat Nov 23 21:03:27 PST 2019,,,30LSNF239YDFFSATZPHRHMYXJ6Y2I9,A2JKM9ZTUWHVPF,Submitted,Wed Nov 20 21:11:19 PST 2019,Wed Nov 20 21:12:04 PST 2019,Sat Nov 23 21:12:04 PST 2019,,,,45,100% (1/1),100% (1/1),100% (1/1),https://kstonedev.s3-us-west-2.amazonaws.com/W241/openimages/1242767b37ed4c77.jpg,"[{""""height"""":323,""""label"""":""""Car"""",""""left"""":101,""""top"""":151,""""width"""":484}]",768,1024,,,43.606026057279
3ZLW647WBODY35UHOK52OW1JV0Z23A,3DQQATL6OWW6LD057T0U6XSV9BS4IA,Est 2-to-3 minute job for 35 cents: Draw bounding box around 20 items,Draw bounding boxes around the requested item(s),bounding box,$0.02,Wed Nov 20 21:03:27 PST 2019,25,BatchId:3843733;OriginalHitTemplateId:928390838;,3600,259200,Sat Nov 23 21:03:27 PST 2019,,,3KJYX6QCMDTK7US15HM2VSA8TJGVJM,A2JKM9ZTUWHVPF,Submitted,Wed Nov 20 21:13:34 PST 2019,Wed Nov 20 21:13:50 PST 2019,Sat Nov 23 21:13:50 PST 2019,,,,16,100% (1/1),100% (1/1),100% (1/1),https://kstonedev.s3-us-west-2.amazonaws.com/W241/openimages/125dab7404579318.jpg,"[{""""height"""":219,""""label"""":""""Car"""",""""left"""":134,""""top"""":363,""""width"""":512}]",683,1024,,,18.3705303264247
3V7ICJJA0DYD9EDH7R3WZUWT3684BZ,3DQQATL6OWW6LD057T0U6XSV9BS4IA,Est 2-to-3 minute job for 35 cents: Draw bounding box around 20 items,Draw bounding boxes around the requested item(s),bounding box,$0.02,Wed Nov 20 21:03:27 PST 2019,25,BatchId:3843733;OriginalHitTemplateId:928390838;,3600,259200,Sat Nov 23 21:03:27 PST 2019,,,336KAV9KYUA15SPY373U3ASL9PVY2A,A2JKM9ZTUWHVPF,Submitted,Wed Nov 20 21:12:18 PST 2019,Wed Nov 20 21:12:32 PST 2019,Sat Nov 23 21:12:32 PST 2019,,,,14,100% (1/1),100% (1/1),100% (1/1),https://kstonedev.s3-us-west-2.amazonaws.com/W241/openimages/1271622877a21c47.jpg,"[{""""height"""":94,""""label"""":""""Car"""",""""left"""":140,""""top"""":402,""""width"""":88}]",768,1024,,,31.1512665382785
32TMVRKDHQGU7GFA4FJM8S6SV0N480,3DQQATL6OWW6LD057T0U6XSV9BS4IA,Est 2-to-3 minute job for 35 cents: Draw bounding box around 20 items,Draw bounding boxes around the requested item(s),bounding box,$0.02,Wed Nov 20 21:03:26 PST 2019,25,BatchId:3843733;OriginalHitTemplateId:928390838;,3600,259200,Sat Nov 23 21:03:26 PST 2019,,,3K5TEWLKGZTOCJ8VNZ12JRV8G6LVI8,A2UC4H3EHIMWGC,Submitted,Thu Nov 21 09:10:02 PST 2019,Thu Nov 21 09:11:58 PST 2019,Sun Nov 24 09:11:58 PST 2019,,,,116,100% (1/1),100% (1/1),100% (1/1),https://kstonedev.s3-us-west-2.amazonaws.com/W241/openimages/101fa29afd6608fc.jpg,"[{""""height"""":107,""""label"""":""""Car"""",""""left"""":853,""""top"""":371,""""width"""":171}]",576,1024,,,40.5703888207394
39AYGO6AGI2TPA6ST51KNNG1GMS6NB,3DQQATL6OWW6LD057T0U6XSV9BS4IA,Est 2-to-3 minute job for 35 cents: Draw bounding box around 20 items,Draw bounding boxes around the requested item(s),bounding box,$0.02,Wed Nov 20 21:03:26 PST 2019,25,BatchId:3843733;OriginalHitTemplateId:928390838;,3600,259200,Sat Nov 23 21:03:26 PST 2019,,,38SKSKU7R5FLGEW19VZWWIX6P70ILR,A32318S1SI98GV,Submitted,Thu Nov 21 00:23:33 PST 2019,Thu Nov 21 00:24:22 PST 2019,Sun Nov 24 00:24:22 PST 2019,,,,49,100% (1/1),100% (1/1),100% (1/1),https://kstonedev.s3-us-west-2.amazonaws.com/W241/openimages/1002f337f91b7932.jpg,"[{""""height"""":204,""""label"""":""""Car"""",""""left"""":366,""""top"""":458,""""width"""":161}]",1024,1024,,,195.101361905146
32TMVRKDHQGU7GFA4FJM8S6SV0N480,3DQQATL6OWW6LD057T0U6XSV9BS4IA,Est 2-to-3 minute job for 35 cents: Draw bounding box around 20 items,Draw bounding boxes around the requested item(s),bounding box,$0.02,Wed Nov 20 21:03:26 PST 2019,25,BatchId:3843733;OriginalHitTemplateId:928390838;,3600,259200,Sat Nov 23 21:03:26 PST 2019,,,39DD6S19JTTT5YBJSD0EJIACCN0EZW,A32318S1SI98GV,Submitted,Thu Nov 21 00:02:56 PST 2019,Thu Nov 21 00:04:07 PST 2019,Sun Nov 24 00:04:07 PST 2019,,,,71,100% (1/1),100% (1/1),100% (1/1),https://kstonedev.s3-us-west-2.amazonaws.com/W241/openimages/101fa29afd6608fc.jpg,"[{""""height"""":73,""""label"""":""""Car"""",""""left"""":850,""""top"""":393,""""width"""":174}]",576,1024,,,23.5944038843907
3W3RSPVVHV9O3LT8DAJ8Q1QSED9ULY,3DQQATL6OWW6LD057T0U6XSV9BS4IA,Est 2-to-3 minute job for 35 cents: Draw bounding box around 20 items,Draw bounding boxes around the requested item(s),bounding box,$0.02,Wed Nov 20 21:03:26 PST 2019,25,BatchId:3843733;OriginalHitTemplateId:928390838;,3600,259200,Sat Nov 23 21:03:26 PST 2019,,,3TEM0PF1Q9FRB7RTSOC271P5U4HD0B,A32318S1SI98GV,Submitted,Thu Nov 21 00:20:06 PST 2019,Thu Nov 21 00:20:50 PST 2019,Sun Nov 24 00:20:50 PST 2019,,,,44,100% (1/1),100% (1/1),100% (1/1),https://kstonedev.s3-us-west-2.amazonaws.com/W241/openimages/10496f2878b93ee9.jpg,"[{""""height"""":271,""""label"""":""""Car"""",""""left"""":117,""""top"""":316,""""width"""":746}]",768,1024,,,16.7335111918163
3SMIWMMK74N4EF57HOQAZC78CKDWUT,3DQQATL6OWW6LD057T0U6XSV9BS4IA,Est 2-to-3 minute job for 35 cents: Draw bounding box around 20 items,Draw bounding boxes around the requested item(s),bounding box,$0.02,Wed Nov 20 21:03:26 PST 2019,25,BatchId:3843733;OriginalHitTemplateId:928390838;,3600,259200,Sat Nov 23 21:03:26 PST 2019,,,35DR22AR5H21Q5V72BVX36Q4DYCX3R,A32318S1SI98GV,Submitted,Thu Nov 21 00:06:18 PST 2019,Thu Nov 21 00:07:25 PST 2019,Sun Nov 24 00:07:25 PST 2019,,,,67,100% (1/1),100% (1/1),100% (1/1),https://kstonedev.s3-us-west-2.amazonaws.com/W241/openimages/104b3a47edc67285.jpg,"[{""""height"""":284,""""label"""":""""Car"""",""""left"""":300,""""top"""":707,""""width"""":230}]",1024,685,,,1033.26331916353
3O0M2G5VD9KULLYK97P08O13F6549P,3DQQATL6OWW6LD057T0U6XSV9BS4IA,Est 2-to-3 minute job for 35 cents: Draw bounding box around 20 items,Draw bounding boxes around the requested item(s),bounding box,$0.02,Wed Nov 20 21:03:26 PST 2019,25,BatchId:3843733;OriginalHitTemplateId:928390838;,3600,259200,Sat Nov 23 21:03:26 PST 2019,,,36H9ULYP66CVBX6B52HYD67M5Q3FJV,A32318S1SI98GV,Submitted,Thu Nov 21 00:21:52 PST 2019,Thu Nov 21 00:22:35 PST 2019,Sun Nov 24 00:22:35 PST 2019,,,,43,100% (1/1),100% (1/1),100% (1/1),https://kstonedev.s3-us-west-2.amazonaws.com/W241/openimages/108eeb6df9f6b036.jpg,"[{""""height"""":169,""""label"""":""""Car"""",""""left"""":541,""""top"""":389,""""width"""":438}]",740,1024,,,14.8946284164252
336OE47KJ524RUU7ME0FVY9RQRMWVI,3DQQATL6OWW6LD057T0U6XSV9BS4IA,Est 2-to-3 minute job for 35 cents: Draw bounding box around 20 items,Draw bounding boxes around the requested item(s),bounding box,$0.02,Wed Nov 20 21:03:26 PST 2019,25,BatchId:3843733;OriginalHitTemplateId:928390838;,3600,259200,Sat Nov 23 21:03:26 PST 2019,,,3WETL7AQWXQSOMBXW5C2BNZKKZ335O,A32318S1SI98GV,Submitted,Thu Nov 21 00:12:17 PST 2019,Thu Nov 21 00:14:09 PST 2019,Sun Nov 24 00:14:09 PST 2019,,,,112,100% (1/1),100% (1/1),100% (1/1),https://kstonedev.s3-us-west-2.amazonaws.com/W241/openimages/10a170e703878553.jpg,"[{""""height"""":170,""""label"""":""""Car"""",""""left"""":291,""""top"""":334,""""width"""":381}]",671,1024,,,22.349474173572
335VBRUREMICDNVDYD1DHADUSVZ9E0,3DQQATL6OWW6LD057T0U6XSV9BS4IA,Est 2-to-3 minute job for 35 cents: Draw bounding box around 20 items,Draw bounding boxes around the requested item(s),bounding box,$0.02,Wed Nov 20 21:03:26 PST 2019,25,BatchId:3843733;OriginalHitTemplateId:928390838;,3600,259200,Sat Nov 23 21:03:26 PST 2019,,,3LRLIPTPEURVQQVLC7VI0KW8NZPKAL,A32318S1SI98GV,Submitted,Thu Nov 21 00:04:18 PST 2019,Thu Nov 21 00:06:14 PST 2019,Sun Nov 24 00:06:14 PST 2019,,,,116,100% (1/1),100% (1/1),100% (1/1),https://kstonedev.s3-us-west-2.amazonaws.com/W241/openimages/116257e7260fdb51.jpg,"[{""""height"""":152,""""label"""":""""Car"""",""""left"""":141,""""top"""":427,""""width"""":407}]",683,1024,,,7.5978748591473
39KV3A5D2BP99NC2KBNYSVQ3YWJS77,3DQQATL6OWW6LD057T0U6XSV9BS4IA,Est 2-to-3 minute job for 35 cents: Draw bounding box around 20 items,Draw bounding boxes around the requested item(s),bounding box,$0.02,Wed Nov 20 21:03:26 PST 2019,25,BatchId:3843733;OriginalHitTemplateId:928390838;,3600,259200,Sat Nov 23 21:03:26 PST 2019,,,31QTRG6Q2XVXXZQ455E6ZN0EK0YPY1,A32318S1SI98GV,Submitted,Thu Nov 21 00:07:29 PST 2019,Thu Nov 21 00:09:50 PST 2019,Sun Nov 24 00:09:50 PST 2019,,,,141,100% (1/1),100% (1/1),100% (1/1),https://kstonedev.s3-us-west-2.amazonaws.com/W241/openimages/117c0a56e9f25a6c.jpg,"[{""""height"""":247,""""label"""":""""Car"""",""""left"""":200,""""top"""":294,""""width"""":507}]",686,1024,,,37.6515092167693
3B623HUYK78D91HLUGF46VMY9GPS8U,3DQQATL6OWW6LD057T0U6XSV9BS4IA,Est 2-to-3 minute job for 35 cents: Draw bounding box around 20 items,Draw bounding boxes around the requested item(s),bounding box,$0.02,Wed Nov 20 21:03:27 PST 2019,25,BatchId:3843733;OriginalHitTemplateId:928390838;,3600,259200,Sat Nov 23 21:03:27 PST 2019,,,39JEC7537YJXZGMVVP5G8OXD30ICV2,A32318S1SI98GV,Submitted,Thu Nov 21 00:19:15 PST 2019,Thu Nov 21 00:20:02 PST 2019,Sun Nov 24 00:20:02 PST 2019,,,,47,100% (1/1),100% (1/1),100% (1/1),https://kstonedev.s3-us-west-2.amazonaws.com/W241/openimages/118ae565963194f2.jpg,"[{""""height"""":125,""""label"""":""""Car"""",""""left"""":542,""""top"""":608,""""width"""":258}]",768,1024,,,10.458248602842
3E24UO25R28B7V64UK1X2CG66WX6OQ,3DQQATL6OWW6LD057T0U6XSV9BS4IA,Est 2-to-3 minute job for 35 cents: Draw bounding box around 20 items,Draw bounding boxes around the requested item(s),bounding box,$0.02,Wed Nov 20 21:03:27 PST 2019,25,BatchId:3843733;OriginalHitTemplateId:928390838;,3600,259200,Sat Nov 23 21:03:27 PST 2019,,,32XVDSJFP3F1BB0KK4FJ9F5E0GT2M2,A32318S1SI98GV,Submitted,Thu Nov 21 00:10:30 PST 2019,Thu Nov 21 00:10:55 PST 2019,Sun Nov 24 00:10:55 PST 2019,,,,25,100% (1/1),100% (1/1),100% (1/1),https://kstonedev.s3-us-west-2.amazonaws.com/W241/openimages/11b13f14591a1541.jpg,"[{""""height"""":162,""""label"""":""""Car"""",""""left"""":202,""""top"""":356,""""width"""":322}]",768,1024,,,7.05049860321512
3V0TR1NRWDK8Q48P1D304JCNLON4A4,3DQQATL6OWW6LD057T0U6XSV9BS4IA,Est 2-to-3 minute job for 35 cents: Draw bounding box around 20 items,Draw bounding boxes around the requested item(s),bounding box,$0.02,Wed Nov 20 21:03:27 PST 2019,25,BatchId:3843733;OriginalHitTemplateId:928390838;,3600,259200,Sat Nov 23 21:03:27 PST 2019,,,3JV9LGBJWXWFQ8T3WZFL3NOK5ZDOGM,A32318S1SI98GV,Submitted,Thu Nov 21 00:18:00 PST 2019,Thu Nov 21 00:19:11 PST 2019,Sun Nov 24 00:19:11 PST 2019,,,,71,100% (1/1),100% (1/1),100% (1/1),https://kstonedev.s3-us-west-2.amazonaws.com/W241/openimages/11ca5d6eb7a78462.jpg,"[{""""height"""":430,""""label"""":""""Car"""",""""left"""":151,""""top"""":146,""""width"""":852}]",612,1024,,,9.00139299281382
3YLTXLH3EIO9PK2M535GO3AMPF8PHQ,3DQQATL6OWW6LD057T0U6XSV9BS4IA,Est 2-to-3 minute job for 35 cents: Draw bounding box around 20 items,Draw bounding boxes around the requested item(s),bounding box,$0.02,Wed Nov 20 21:03:27 PST 2019,25,BatchId:3843733;OriginalHitTemplateId:928390838;,3600,259200,Sat Nov 23 21:03:27 PST 2019,,,3X31TUMD714AG8031OEQ4JGK85P1LI,A32318S1SI98GV,Submitted,Thu Nov 21 00:14:13 PST 2019,Thu Nov 21 00:15:45 PST 2019,Sun Nov 24 00:15:45 PST 2019,,,,92,100% (1/1),100% (1/1),100% (1/1),https://kstonedev.s3-us-west-2.amazonaws.com/W241/openimages/11cbd39c3b7f1cb0.jpg,"[{""""height"""":176,""""label"""":""""Car"""",""""left"""":407,""""top"""":208,""""width"""":359}]",678,1024,,,21.3950177807174
3L1EFR8WXWN4J1V9TOLJZSYU4WE9FI,3DQQATL6OWW6LD057T0U6XSV9BS4IA,Est 2-to-3 minute job for 35 cents: Draw bounding box around 20 items,Draw bounding boxes around the requested item(s),bounding box,$0.02,Wed Nov 20 21:03:27 PST 2019,25,BatchId:3843733;OriginalHitTemplateId:928390838;,3600,259200,Sat Nov 23 21:03:27 PST 2019,,,37C0GNLMHJLMPID8UDSJG2ZW773D6C,A32318S1SI98GV,Submitted,Thu Nov 21 00:20:53 PST 2019,Thu Nov 21 00:21:22 PST 2019,Sun Nov 24 00:21:22 PST 2019,,,,29,100% (1/1),100% (1/1),100% (1/1),https://kstonedev.s3-us-west-2.amazonaws.com/W241/openimages/11cc2d6f28ef43e8.jpg,"[{""""height"""":188,""""label"""":""""Car"""",""""left"""":375,""""top"""":324,""""width"""":273}]",768,1024,,,19.4196948952411
3FDWKV9VDQK893BTDMKNQE5HEIZUM0,3DQQATL6OWW6LD057T0U6XSV9BS4IA,Est 2-to-3 minute job for 35 cents: Draw bounding box around 20 items,Draw bounding boxes around the requested item(s),bounding box,$0.02,Wed Nov 20 21:03:27 PST 2019,25,BatchId:3843733;OriginalHitTemplateId:928390838;,3600,259200,Sat Nov 23 21:03:27 PST 2019,,,37FMASSAYG9935APIIA2IF11DDMIB4,A32318S1SI98GV,Submitted,Thu Nov 21 00:22:39 PST 2019,Thu Nov 21 00:23:29 PST 2019,Sun Nov 24 00:23:29 PST 2019,,,,50,100% (1/1),100% (1/1),100% (1/1),https://kstonedev.s3-us-west-2.amazonaws.com/W241/openimages/11f2911acdd13dfc.jpg,"[{""""height"""":244,""""label"""":""""Car"""",""""left"""":347,""""top"""":315,""""width"""":563}]",682,1024,,,51.7386671478681
3FW4EL5A4O69INYYKKRX5MWRPMZ22Z,3DQQATL6OWW6LD057T0U6XSV9BS4IA,Est 2-to-3 minute job for 35 cents: Draw bounding box around 20 items,Draw bounding boxes around the requested item(s),bounding box,$0.02,Wed Nov 20 21:03:27 PST 2019,25,BatchId:3843733;OriginalHitTemplateId:928390838;,3600,259200,Sat Nov 23 21:03:27 PST 2019,,,3WOKGM4L75YIF4IIIXQIIV14YIO0OV,A32318S1SI98GV,Submitted,Thu Nov 21 00:10:58 PST 2019,Thu Nov 21 00:12:09 PST 2019,Sun Nov 24 00:12:09 PST 2019,,,,71,100% (1/1),100% (1/1),100% (1/1),https://kstonedev.s3-us-west-2.amazonaws.com/W241/openimages/120d043fcfb8d619.jpg,"[{""""height"""":346,""""label"""":""""Car"""",""""left"""":152,""""top"""":277,""""width"""":743}]",717,1024,,,40.9360290866305
3PIOQ99R814ERLWTPNZN3TUHJ89UN0,3DQQATL6OWW6LD057T0U6XSV9BS4IA,Est 2-to-3 minute job for 35 cents: Draw bounding box around 20 items,Draw bounding boxes around the requested item(s),bounding box,$0.02,Wed Nov 20 21:03:27 PST 2019,25,BatchId:3843733;OriginalHitTemplateId:928390838;,3600,259200,Sat Nov 23 21:03:27 PST 2019,,,3XLBSAQ9Z8U8WJW955M8D8IVQ0WZ7V,A32318S1SI98GV,Submitted,Thu Nov 21 00:16:37 PST 2019,Thu Nov 21 00:17:52 PST 2019,Sun Nov 24 00:17:52 PST 2019,,,,75,100% (1/1),100% (1/1),100% (1/1),https://kstonedev.s3-us-west-2.amazonaws.com/W241/openimages/1242767b37ed4c77.jpg,"[{""""height"""":289,""""label"""":""""Car"""",""""left"""":117,""""top"""":187,""""width"""":450}]",768,1024,,,23.9102566426593
3ZLW647WBODY35UHOK52OW1JV0Z23A,3DQQATL6OWW6LD057T0U6XSV9BS4IA,Est 2-to-3 minute job for 35 cents: Draw bounding box around 20 items,Draw bounding boxes around the requested item(s),bounding box,$0.02,Wed Nov 20 21:03:27 PST 2019,25,BatchId:3843733;OriginalHitTemplateId:928390838;,3600,259200,Sat Nov 23 21:03:27 PST 2019,,,3JV9LGBJWXWFQ8T3WZFL3NOK5ZDGOE,A32318S1SI98GV,Submitted,Thu Nov 21 00:15:49 PST 2019,Thu Nov 21 00:16:23 PST 2019,Sun Nov 24 00:16:23 PST 2019,,,,34,100% (1/1),100% (1/1),100% (1/1),https://kstonedev.s3-us-west-2.amazonaws.com/W241/openimages/125dab7404579318.jpg,"[{""""height"""":161,""""label"""":""""Car"""",""""left"""":163,""""top"""":394,""""width"""":411}]",683,1024,,,21.4490926410512
3V7ICJJA0DYD9EDH7R3WZUWT3684BZ,3DQQATL6OWW6LD057T0U6XSV9BS4IA,Est 2-to-3 minute job for 35 cents: Draw bounding box around 20 items,Draw bounding boxes around the requested item(s),bounding box,$0.02,Wed Nov 20 21:03:27 PST 2019,25,BatchId:3843733;OriginalHitTemplateId:928390838;,3600,259200,Sat Nov 23 21:03:27 PST 2019,,,3B2X28YI30XTALFOGH1DLCBW4MSB64,A32318S1SI98GV,Submitted,Thu Nov 21 00:31:21 PST 2019,Thu Nov 21 00:31:49 PST 2019,Sun Nov 24 00:31:49 PST 2019,,,,28,100% (1/1),100% (1/1),100% (1/1),https://kstonedev.s3-us-west-2.amazonaws.com/W241/openimages/1271622877a21c47.jpg,"[{""""height"""":54,""""label"""":""""Car"""",""""left"""":149,""""top"""":432,""""width"""":74}]",768,1024,,,977.535289725387
32TMVRKDHQGU7GFA4FJM8S6SV0N480,3DQQATL6OWW6LD057T0U6XSV9BS4IA,Est 2-to-3 minute job for 35 cents: Draw bounding box around 20 items,Draw bounding boxes around the requested item(s),bounding box,$0.02,Wed Nov 20 21:03:26 PST 2019,25,BatchId:3843733;OriginalHitTemplateId:928390838;,3600,259200,Sat Nov 23 21:03:26 PST 2019,,,3W92K5RLWYZC0VDGGFI8UIR3BJO5VF,A3K758SI907CG9,Submitted,Thu Nov 21 05:40:36 PST 2019,Thu Nov 21 05:41:42 PST 2019,Sun Nov 24 05:41:42 PST 2019,,,,66,100% (1/1),100% (1/1),100% (1/1),https://kstonedev.s3-us-west-2.amazonaws.com/W241/openimages/101fa29afd6608fc.jpg,"[{""""height"""":77,""""label"""":""""Car"""",""""left"""":851,""""top"""":394,""""width"""":170}]",576,1024,,,22.7081309394759
3W3RSPVVHV9O3LT8DAJ8Q1QSED9ULY,3DQQATL6OWW6LD057T0U6XSV9BS4IA,Est 2-to-3 minute job for 35 cents: Draw bounding box around 20 items,Draw bounding boxes around the requested item(s),bounding box,$0.02,Wed Nov 20 21:03:26 PST 2019,25,BatchId:3843733;OriginalHitTemplateId:928390838;,3600,259200,Sat Nov 23 21:03:26 PST 2019,,,34MAJL3QP85AS37XI0TS6VT6K3134C,A3K758SI907CG9,Submitted,Thu Nov 21 05:44:03 PST 2019,Thu Nov 21 05:45:48 PST 2019,Sun Nov 24 05:45:48 PST 2019,,,,105,100% (1/1),100% (1/1),100% (1/1),https://kstonedev.s3-us-west-2.amazonaws.com/W241/openimages/10496f2878b93ee9.jpg,"[{""""height"""":279,""""label"""":""""Car"""",""""left"""":103,""""top"""":313,""""width"""":768}]",768,1024,,,31.8934245103419
3SMIWMMK74N4EF57HOQAZC78CKDWUT,3DQQATL6OWW6LD057T0U6XSV9BS4IA,Est 2-to-3 minute job for 35 cents: Draw bounding box around 20 items,Draw bounding boxes around the requested item(s),bounding box,$0.02,Wed Nov 20 21:03:26 PST 2019,25,BatchId:3843733;OriginalHitTemplateId:928390838;,3600,259200,Sat Nov 23 21:03:26 PST 2019,,,3C5W7UE9CJ82CR3H8T0CZ5ZADPOXM2,A3K758SI907CG9,Submitted,Thu Nov 21 05:49:50 PST 2019,Thu Nov 21 05:50:54 PST 2019,Sun Nov 24 05:50:54 PST 2019,,,,64,100% (1/1),100% (1/1),100% (1/1),https://kstonedev.s3-us-west-2.amazonaws.com/W241/openimages/104b3a47edc67285.jpg,"[{""""height"""":332,""""label"""":""""Car"""",""""left"""":280,""""top"""":681,""""width"""":238}]",1024,685,,,1034.1577926195
3O0M2G5VD9KULLYK97P08O13F6549P,3DQQATL6OWW6LD057T0U6XSV9BS4IA,Est 2-to-3 minute job for 35 cents: Draw bounding box around 20 items,Draw bounding boxes around the requested item(s),bounding box,$0.02,Wed Nov 20 21:03:26 PST 2019,25,BatchId:3843733;OriginalHitTemplateId:928390838;,3600,259200,Sat Nov 23 21:03:26 PST 2019,,,3MAOD8E57US8U9OHKUFCCKOAIFZNXT,A3K758SI907CG9,Submitted,Thu Nov 21 05:52:14 PST 2019,Thu Nov 21 05:54:11 PST 2019,Sun Nov 24 05:54:11 PST 2019,,,,117,100% (1/1),100% (1/1),100% (1/1),https://kstonedev.s3-us-west-2.amazonaws.com/W241/openimages/108eeb6df9f6b036.jpg,"[{""""height"""":193,""""label"""":""""Car"""",""""left"""":530,""""top"""":377,""""width"""":465}]",740,1024,,,25.2061509503705
3INZSNUD9387LHHD2IQTBSV9SJY9D7,3DQQATL6OWW6LD057T0U6XSV9BS4IA,Est 2-to-3 minute job for 35 cents: Draw bounding box around 20 items,Draw bounding boxes around the requested item(s),bounding box,$0.02,Wed Nov 20 21:03:26 PST 2019,25,BatchId:3843733;OriginalHitTemplateId:928390838;,3600,259200,Sat Nov 23 21:03:26 PST 2019,,,37WLF8U1WT8U3OJIMUE6KFUMRGR6K9,A3K758SI907CG9,Submitted,Thu Nov 21 05:31:59 PST 2019,Thu Nov 21 05:32:41 PST 2019,Sun Nov 24 05:32:41 PST 2019,,,,42,100% (1/1),100% (1/1),100% (1/1),https://kstonedev.s3-us-west-2.amazonaws.com/W241/openimages/10e57672e496cc18.jpg,"[{""""height"""":88,""""label"""":""""Car"""",""""left"""":320,""""top"""":397,""""width"""":139}]",680,1024,,,50.9800646612473
335VBRUREMICDNVDYD1DHADUSVZ9E0,3DQQATL6OWW6LD057T0U6XSV9BS4IA,Est 2-to-3 minute job for 35 cents: Draw bounding box around 20 items,Draw bounding boxes around the requested item(s),bounding box,$0.02,Wed Nov 20 21:03:26 PST 2019,25,BatchId:3843733;OriginalHitTemplateId:928390838;,3600,259200,Sat Nov 23 21:03:26 PST 2019,,,33M4IA01QKJT97G9D1WTL4TKJCKRXH,A3K758SI907CG9,Submitted,Thu Nov 21 05:36:01 PST 2019,Thu Nov 21 05:38:06 PST 2019,Sun Nov 24 05:38:06 PST 2019,,,,125,100% (1/1),100% (1/1),100% (1/1),https://kstonedev.s3-us-west-2.amazonaws.com/W241/openimages/116257e7260fdb51.jpg,"[{""""height"""":171,""""label"""":""""Car"""",""""left"""":134,""""top"""":417,""""width"""":421}]",683,1024,,,24.1911945459871
39KV3A5D2BP99NC2KBNYSVQ3YWJS77,3DQQATL6OWW6LD057T0U6XSV9BS4IA,Est 2-to-3 minute job for 35 cents: Draw bounding box around 20 items,Draw bounding boxes around the requested item(s),bounding box,$0.02,Wed Nov 20 21:03:26 PST 2019,25,BatchId:3843733;OriginalHitTemplateId:928390838;,3600,259200,Sat Nov 23 21:03:26 PST 2019,,,3LQ8PUHQFPAJUIDBIAKY4Q4Z8QIHIA,A3K758SI907CG9,Submitted,Thu Nov 21 05:32:41 PST 2019,Thu Nov 21 05:33:15 PST 2019,Sun Nov 24 05:33:15 PST 2019,,,,34,100% (1/1),100% (1/1),100% (1/1),https://kstonedev.s3-us-west-2.amazonaws.com/W241/openimages/117c0a56e9f25a6c.jpg,"[{""""height"""":274,""""label"""":""""Car"""",""""left"""":99,""""top"""":277,""""width"""":625}]",686,1024,,,118.400876516065
3B623HUYK78D91HLUGF46VMY9GPS8U,3DQQATL6OWW6LD057T0U6XSV9BS4IA,Est 2-to-3 minute job for 35 cents: Draw bounding box around 20 items,Draw bounding boxes around the requested item(s),bounding box,$0.02,Wed Nov 20 21:03:27 PST 2019,25,BatchId:3843733;OriginalHitTemplateId:928390838;,3600,259200,Sat Nov 23 21:03:27 PST 2019,,,3CFJTT4SXX8M1T7Z51YMDDF5UNNI7A,A3K758SI907CG9,Submitted,Thu Nov 21 05:42:44 PST 2019,Thu Nov 21 05:44:02 PST 2019,Sun Nov 24 05:44:02 PST 2019,,,,78,100% (1/1),100% (1/1),100% (1/1),https://kstonedev.s3-us-west-2.amazonaws.com/W241/openimages/118ae565963194f2.jpg,"[{""""height"""":129,""""label"""":""""Car"""",""""left"""":541,""""top"""":609,""""width"""":262}]",768,1024,,,12.3056399549913
3E24UO25R28B7V64UK1X2CG66WX6OQ,3DQQATL6OWW6LD057T0U6XSV9BS4IA,Est 2-to-3 minute job for 35 cents: Draw bounding box around 20 items,Draw bounding boxes around the requested item(s),bounding box,$0.02,Wed Nov 20 21:03:27 PST 2019,25,BatchId:3843733;OriginalHitTemplateId:928390838;,3600,259200,Sat Nov 23 21:03:27 PST 2019,,,3UXUOQ9OKIF7VBO1TD69WFRMHFHA7X,A3K758SI907CG9,Submitted,Thu Nov 21 05:35:05 PST 2019,Thu Nov 21 05:35:50 PST 2019,Sun Nov 24 05:35:50 PST 2019,,,,45,100% (1/1),100% (1/1),100% (1/1),https://kstonedev.s3-us-west-2.amazonaws.com/W241/openimages/11b13f14591a1541.jpg,"[{""""height"""":178,""""label"""":""""Car"""",""""left"""":196,""""top"""":350,""""width"""":329}]",768,1024,,,17.9718227925809
3V0TR1NRWDK8Q48P1D304JCNLON4A4,3DQQATL6OWW6LD057T0U6XSV9BS4IA,Est 2-to-3 minute job for 35 cents: Draw bounding box around 20 items,Draw bounding boxes around the requested item(s),bounding box,$0.02,Wed Nov 20 21:03:27 PST 2019,25,BatchId:3843733;OriginalHitTemplateId:928390838;,3600,259200,Sat Nov 23 21:03:27 PST 2019,,,3XIQGXAUMGQJROWU4NYNGN2KI0Q7XY,A3K758SI907CG9,Submitted,Thu Nov 21 05:24:36 PST 2019,Thu Nov 21 05:28:06 PST 2019,Sun Nov 24 05:28:06 PST 2019,,,,210,100% (1/1),100% (1/1),100% (1/1),https://kstonedev.s3-us-west-2.amazonaws.com/W241/openimages/11ca5d6eb7a78462.jpg,"[{""""height"""":431,""""label"""":""""Car"""",""""left"""":145,""""top"""":149,""""width"""":861}]",612,1024,,,23.6604551571443
3YLTXLH3EIO9PK2M535GO3AMPF8PHQ,3DQQATL6OWW6LD057T0U6XSV9BS4IA,Est 2-to-3 minute job for 35 cents: Draw bounding box around 20 items,Draw bounding boxes around the requested item(s),bounding box,$0.02,Wed Nov 20 21:03:27 PST 2019,25,BatchId:3843733;OriginalHitTemplateId:928390838;,3600,259200,Sat Nov 23 21:03:27 PST 2019,,,3Q5C1WP23QJWEJXI91YJNUKNMFG51P,A3K758SI907CG9,Submitted,Thu Nov 21 05:33:16 PST 2019,Thu Nov 21 05:35:01 PST 2019,Sun Nov 24 05:35:01 PST 2019,,,,105,100% (1/1),100% (1/1),100% (1/1),https://kstonedev.s3-us-west-2.amazonaws.com/W241/openimages/11cbd39c3b7f1cb0.jpg,"[{""""height"""":222,""""label"""":""""Car"""",""""left"""":406,""""top"""":193,""""width"""":369}]",678,1024,,,66.2713491029777
3L1EFR8WXWN4J1V9TOLJZSYU4WE9FI,3DQQATL6OWW6LD057T0U6XSV9BS4IA,Est 2-to-3 minute job for 35 cents: Draw bounding box around 20 items,Draw bounding boxes around the requested item(s),bounding box,$0.02,Wed Nov 20 21:03:27 PST 2019,25,BatchId:3843733;OriginalHitTemplateId:928390838;,3600,259200,Sat Nov 23 21:03:27 PST 2019,,,3NGMS9VZTP0F6VKFMCQDY8FUCJIFFO,A3K758SI907CG9,Submitted,Thu Nov 21 05:54:15 PST 2019,Thu Nov 21 05:57:17 PST 2019,Sun Nov 24 05:57:17 PST 2019,,,,182,100% (1/1),100% (1/1),100% (1/1),https://kstonedev.s3-us-west-2.amazonaws.com/W241/openimages/11cc2d6f28ef43e8.jpg,"[{""""height"""":242,""""label"""":""""Car"""",""""left"""":360,""""top"""":299,""""width"""":284}]",768,1024,,,68.1303799196394
3FDWKV9VDQK893BTDMKNQE5HEIZUM0,3DQQATL6OWW6LD057T0U6XSV9BS4IA,Est 2-to-3 minute job for 35 cents: Draw bounding box around 20 items,Draw bounding boxes around the requested item(s),bounding box,$0.02,Wed Nov 20 21:03:27 PST 2019,25,BatchId:3843733;OriginalHitTemplateId:928390838;,3600,259200,Sat Nov 23 21:03:27 PST 2019,,,3IKZ72A5B8YRUNXWK09Q6DO3EA1FNS,A3K758SI907CG9,Submitted,Thu Nov 21 05:46:05 PST 2019,Thu Nov 21 05:46:45 PST 2019,Sun Nov 24 05:46:45 PST 2019,,,,40,100% (1/1),100% (1/1),100% (1/1),https://kstonedev.s3-us-west-2.amazonaws.com/W241/openimages/11f2911acdd13dfc.jpg,"[{""""height"""":265,""""label"""":""""Car"""",""""left"""":344,""""top"""":300,""""width"""":579}]",682,1024,,,15.576555156253
3FW4EL5A4O69INYYKKRX5MWRPMZ22Z,3DQQATL6OWW6LD057T0U6XSV9BS4IA,Est 2-to-3 minute job for 35 cents: Draw bounding box around 20 items,Draw bounding boxes around the requested item(s),bounding box,$0.02,Wed Nov 20 21:03:27 PST 2019,25,BatchId:3843733;OriginalHitTemplateId:928390838;,3600,259200,Sat Nov 23 21:03:27 PST 2019,,,3TDXMTX3CFC3XTTUMRTU7ZF9ZC26IY,A3K758SI907CG9,Submitted,Thu Nov 21 05:31:24 PST 2019,Thu Nov 21 05:31:57 PST 2019,Sun Nov 24 05:31:57 PST 2019,,,,33,100% (1/1),100% (1/1),100% (1/1),https://kstonedev.s3-us-west-2.amazonaws.com/W241/openimages/120d043fcfb8d619.jpg,"[{""""height"""":359,""""label"""":""""Car"""",""""left"""":145,""""top"""":266,""""width"""":748}]",717,1024,,,55.4949993624205
3PIOQ99R814ERLWTPNZN3TUHJ89UN0,3DQQATL6OWW6LD057T0U6XSV9BS4IA,Est 2-to-3 minute job for 35 cents: Draw bounding box around 20 items,Draw bounding boxes around the requested item(s),bounding box,$0.02,Wed Nov 20 21:03:27 PST 2019,25,BatchId:3843733;OriginalHitTemplateId:928390838;,3600,259200,Sat Nov 23 21:03:27 PST 2019,,,3X3OR7WPZ3ISR8KO09N5JT3SMBM8L0,A3K758SI907CG9,Submitted,Thu Nov 21 05:28:22 PST 2019,Thu Nov 21 05:30:30 PST 2019,Sun Nov 24 05:30:30 PST 2019,,,,128,100% (1/1),100% (1/1),100% (1/1),https://kstonedev.s3-us-west-2.amazonaws.com/W241/openimages/1242767b37ed4c77.jpg,"[{""""height"""":305,""""label"""":""""Car"""",""""left"""":108,""""top"""":177,""""width"""":466}]",768,1024,,,11.6409654770627
3ZLW647WBODY35UHOK52OW1JV0Z23A,3DQQATL6OWW6LD057T0U6XSV9BS4IA,Est 2-to-3 minute job for 35 cents: Draw bounding box around 20 items,Draw bounding boxes around the requested item(s),bounding box,$0.02,Wed Nov 20 21:03:27 PST 2019,25,BatchId:3843733;OriginalHitTemplateId:928390838;,3600,259200,Sat Nov 23 21:03:27 PST 2019,,,3TXMY6UCAI65U8QE9QB621Y5M8WQCF,A3K758SI907CG9,Submitted,Thu Nov 21 05:47:02 PST 2019,Thu Nov 21 05:49:43 PST 2019,Sun Nov 24 05:49:43 PST 2019,,,,161,100% (1/1),100% (1/1),100% (1/1),https://kstonedev.s3-us-west-2.amazonaws.com/W241/openimages/125dab7404579318.jpg,"[{""""height"""":171,""""label"""":""""Car"""",""""left"""":146,""""top"""":394,""""width"""":432}]",683,1024,,,16.2651856097637
3V7ICJJA0DYD9EDH7R3WZUWT3684BZ,3DQQATL6OWW6LD057T0U6XSV9BS4IA,Est 2-to-3 minute job for 35 cents: Draw bounding box around 20 items,Draw bounding boxes around the requested item(s),bounding box,$0.02,Wed Nov 20 21:03:27 PST 2019,25,BatchId:3843733;OriginalHitTemplateId:928390838;,3600,259200,Sat Nov 23 21:03:27 PST 2019,,,3SITXWYCNZR6T0ZKH4A3LPOG1QHBXO,A3K758SI907CG9,Submitted,Thu Nov 21 05:30:30 PST 2019,Thu Nov 21 05:31:24 PST 2019,Sun Nov 24 05:31:24 PST 2019,,,,54,100% (1/1),100% (1/1),100% (1/1),https://kstonedev.s3-us-west-2.amazonaws.com/W241/openimages/1271622877a21c47.jpg,"[{""""height"""":66,""""label"""":""""Car"""",""""left"""":148,""""top"""":425,""""width"""":76}]",768,1024,,,994.368427250932
39AYGO6AGI2TPA6ST51KNNG1GMS6NB,3DQQATL6OWW6LD057T0U6XSV9BS4IA,Est 2-to-3 minute job for 35 cents: Draw bounding box around 20 items,Draw bounding boxes around the requested item(s),bounding box,$0.02,Wed Nov 20 21:03:26 PST 2019,25,BatchId:3843733;OriginalHitTemplateId:928390838;,3600,259200,Sat Nov 23 21:03:26 PST 2019,,,3AMYWKA6YF4DTF4XKM6ZRWBVBKZO67,A6381MY3CURAX,Submitted,Wed Nov 20 21:16:18 PST 2019,Wed Nov 20 21:34:34 PST 2019,Sat Nov 23 21:34:34 PST 2019,,,,1096,100% (1/1),100% (1/1),100% (1/1),https://kstonedev.s3-us-west-2.amazonaws.com/W241/openimages/1002f337f91b7932.jpg,"[{""""height"""":193,""""label"""":""""Car"""",""""left"""":356,""""top"""":452,""""width"""":187}]",1024,1024,,,181.180121175555
32TMVRKDHQGU7GFA4FJM8S6SV0N480,3DQQATL6OWW6LD057T0U6XSV9BS4IA,Est 2-to-3 minute job for 35 cents: Draw bounding box around 20 items,Draw bounding boxes around the requested item(s),bounding box,$0.02,Wed Nov 20 21:03:26 PST 2019,25,BatchId:3843733;OriginalHitTemplateId:928390838;,3600,259200,Sat Nov 23 21:03:26 PST 2019,,,3U088ZLJVOBQKDRK9JHSZPEQ1JCW0Q,A6381MY3CURAX,Submitted,Wed Nov 20 21:16:20 PST 2019,Wed Nov 20 21:35:01 PST 2019,Sat Nov 23 21:35:01 PST 2019,,,,1121,100% (1/1),100% (1/1),100% (1/1),https://kstonedev.s3-us-west-2.amazonaws.com/W241/openimages/101fa29afd6608fc.jpg,"[{""""height"""":91,""""label"""":""""Car"""",""""left"""":853,""""top"""":382,""""width"""":169}]",576,1024,,,26.6646971465683
3W3RSPVVHV9O3LT8DAJ8Q1QSED9ULY,3DQQATL6OWW6LD057T0U6XSV9BS4IA,Est 2-to-3 minute job for 35 cents: Draw bounding box around 20 items,Draw bounding boxes around the requested item(s),bounding box,$0.02,Wed Nov 20 21:03:26 PST 2019,25,BatchId:3843733;OriginalHitTemplateId:928390838;,3600,259200,Sat Nov 23 21:03:26 PST 2019,,,3GA6AFUKOS644FVSX7DB0K2AP7JH36,A6381MY3CURAX,Submitted,Wed Nov 20 21:16:23 PST 2019,Wed Nov 20 21:35:55 PST 2019,Sat Nov 23 21:35:55 PST 2019,,,,1172,100% (1/1),100% (1/1),100% (1/1),https://kstonedev.s3-us-west-2.amazonaws.com/W241/openimages/10496f2878b93ee9.jpg,"[{""""height"""":275,""""label"""":""""Car"""",""""left"""":127,""""top"""":310,""""width"""":723}]",768,1024,,,21.3981733696239
3SMIWMMK74N4EF57HOQAZC78CKDWUT,3DQQATL6OWW6LD057T0U6XSV9BS4IA,Est 2-to-3 minute job for 35 cents: Draw bounding box around 20 items,Draw bounding boxes around the requested item(s),bounding box,$0.02,Wed Nov 20 21:03:26 PST 2019,25,BatchId:3843733;OriginalHitTemplateId:928390838;,3600,259200,Sat Nov 23 21:03:26 PST 2019,,,3QBD8R3Z251ZES0J1YDKUYRHFTTO4M,A6381MY3CURAX,Submitted,Wed Nov 20 21:16:14 PST 2019,Wed Nov 20 21:33:33 PST 2019,Sat Nov 23 21:33:33 PST 2019,,,,1039,100% (1/1),100% (1/1),100% (1/1),https://kstonedev.s3-us-west-2.amazonaws.com/W241/openimages/104b3a47edc67285.jpg,"[{""""height"""":277,""""label"""":""""Car"""",""""left"""":293,""""top"""":705,""""width"""":226}]",1024,685,,,1024.62530467954
3O0M2G5VD9KULLYK97P08O13F6549P,3DQQATL6OWW6LD057T0U6XSV9BS4IA,Est 2-to-3 minute job for 35 cents: Draw bounding box around 20 items,Draw bounding boxes around the requested item(s),bounding box,$0.02,Wed Nov 20 21:03:26 PST 2019,25,BatchId:3843733;OriginalHitTemplateId:928390838;,3600,259200,Sat Nov 23 21:03:26 PST 2019,,,3W8CV64QJ6HQJHK8EGELRX5WPZTH9N,A6381MY3CURAX,Submitted,Wed Nov 20 21:16:41 PST 2019,Wed Nov 20 21:37:54 PST 2019,Sat Nov 23 21:37:54 PST 2019,,,,1273,100% (1/1),100% (1/1),100% (1/1),https://kstonedev.s3-us-west-2.amazonaws.com/W241/openimages/108eeb6df9f6b036.jpg,"[{""""height"""":159,""""label"""":""""Car"""",""""left"""":543,""""top"""":395,""""width"""":451}]",740,1024,,,28.9645012003051
3INZSNUD9387LHHD2IQTBSV9SJY9D7,3DQQATL6OWW6LD057T0U6XSV9BS4IA,Est 2-to-3 minute job for 35 cents: Draw bounding box around 20 items,Draw bounding boxes around the requested item(s),bounding box,$0.02,Wed Nov 20 21:03:26 PST 2019,25,BatchId:3843733;OriginalHitTemplateId:928390838;,3600,259200,Sat Nov 23 21:03:26 PST 2019,,,3NPI0JQDASN1GDRAVZR7R68Z5X6TP4,A6381MY3CURAX,Submitted,Wed Nov 20 21:16:49 PST 2019,Wed Nov 20 21:38:08 PST 2019,Sat Nov 23 21:38:08 PST 2019,,,,1279,100% (1/1),100% (1/1),100% (1/1),https://kstonedev.s3-us-west-2.amazonaws.com/W241/openimages/10e57672e496cc18.jpg,"[{""""height"""":73,""""label"""":""""Car"""",""""left"""":311,""""top"""":406,""""width"""":130}]",680,1024,,,37.5775768164498
335VBRUREMICDNVDYD1DHADUSVZ9E0,3DQQATL6OWW6LD057T0U6XSV9BS4IA,Est 2-to-3 minute job for 35 cents: Draw bounding box around 20 items,Draw bounding boxes around the requested item(s),bounding box,$0.02,Wed Nov 20 21:03:26 PST 2019,25,BatchId:3843733;OriginalHitTemplateId:928390838;,3600,259200,Sat Nov 23 21:03:26 PST 2019,,,36V4Q8R5ZOII3U25MF5K5X3HGLWQMR,A6381MY3CURAX,Submitted,Wed Nov 20 21:16:28 PST 2019,Wed Nov 20 21:36:43 PST 2019,Sat Nov 23 21:36:43 PST 2019,,,,1215,100% (1/1),100% (1/1),100% (1/1),https://kstonedev.s3-us-west-2.amazonaws.com/W241/openimages/116257e7260fdb51.jpg,"[{""""height"""":187,""""label"""":""""Car"""",""""left"""":152,""""top"""":410,""""width"""":394}]",683,1024,,,32.249675018755
39KV3A5D2BP99NC2KBNYSVQ3YWJS77,3DQQATL6OWW6LD057T0U6XSV9BS4IA,Est 2-to-3 minute job for 35 cents: Draw bounding box around 20 items,Draw bounding boxes around the requested item(s),bounding box,$0.02,Wed Nov 20 21:03:26 PST 2019,25,BatchId:3843733;OriginalHitTemplateId:928390838;,3600,259200,Sat Nov 23 21:03:26 PST 2019,,,3T3IWE1XGA5MGPSPVC6WRBY9ATSTQV,A6381MY3CURAX,Submitted,Wed Nov 20 21:16:50 PST 2019,Wed Nov 20 21:38:22 PST 2019,Sat Nov 23 21:38:22 PST 2019,,,,1292,100% (1/1),100% (1/1),100% (1/1),https://kstonedev.s3-us-west-2.amazonaws.com/W241/openimages/117c0a56e9f25a6c.jpg,"[{""""height"""":276,""""label"""":""""Car"""",""""left"""":237,""""top"""":275,""""width"""":487}]",686,1024,,,97.0751014257828
3B623HUYK78D91HLUGF46VMY9GPS8U,3DQQATL6OWW6LD057T0U6XSV9BS4IA,Est 2-to-3 minute job for 35 cents: Draw bounding box around 20 items,Draw bounding boxes around the requested item(s),bounding box,$0.02,Wed Nov 20 21:03:27 PST 2019,25,BatchId:3843733;OriginalHitTemplateId:928390838;,3600,259200,Sat Nov 23 21:03:27 PST 2019,,,3NLZY2D53T7YXCKKM3455KOSGG6LQK,A6381MY3CURAX,Submitted,Wed Nov 20 21:16:20 PST 2019,Wed Nov 20 21:34:47 PST 2019,Sat Nov 23 21:34:47 PST 2019,,,,1107,100% (1/1),100% (1/1),100% (1/1),https://kstonedev.s3-us-west-2.amazonaws.com/W241/openimages/118ae565963194f2.jpg,"[{""""height"""":137,""""label"""":""""Car"""",""""left"""":547,""""top"""":588,""""width"""":251}]",768,1024,,,36.2916412900842
3QTFNPMJD90VDKQ3VAYVKL9WLQOZNU,3DQQATL6OWW6LD057T0U6XSV9BS4IA,Est 2-to-3 minute job for 35 cents: Draw bounding box around 20 items,Draw bounding boxes around the requested item(s),bounding box,$0.02,Wed Nov 20 21:03:27 PST 2019,25,BatchId:3843733;OriginalHitTemplateId:928390838;,3600,259200,Sat Nov 23 21:03:27 PST 2019,,,35BLDD71IAFA79X5N3POJMYYCHTVZ7,A6381MY3CURAX,Submitted,Wed Nov 20 21:16:13 PST 2019,Wed Nov 20 21:33:16 PST 2019,Sat Nov 23 21:33:16 PST 2019,,,,1023,100% (1/1),100% (1/1),100% (1/1),https://kstonedev.s3-us-west-2.amazonaws.com/W241/openimages/11a5ec59de4bf422.jpg,"[{""""height"""":116,""""label"""":""""Car"""",""""left"""":557,""""top"""":364,""""width"""":197}]",768,1024,,,15.5349127331452
3E24UO25R28B7V64UK1X2CG66WX6OQ,3DQQATL6OWW6LD057T0U6XSV9BS4IA,Est 2-to-3 minute job for 35 cents: Draw bounding box around 20 items,Draw bounding boxes around the requested item(s),bounding box,$0.02,Wed Nov 20 21:03:27 PST 2019,25,BatchId:3843733;OriginalHitTemplateId:928390838;,3600,259200,Sat Nov 23 21:03:27 PST 2019,,,31HQ4X3T3WSAASZXE7TA0K3TY4RLS9,A6381MY3CURAX,Submitted,Wed Nov 20 21:16:32 PST 2019,Wed Nov 20 21:37:00 PST 2019,Sat Nov 23 21:37:00 PST 2019,,,,1228,100% (1/1),100% (1/1),100% (1/1),https://kstonedev.s3-us-west-2.amazonaws.com/W241/openimages/11b13f14591a1541.jpg,"[{""""height"""":172,""""label"""":""""Car"""",""""left"""":202,""""top"""":339,""""width"""":324}]",768,1024,,,29.8246308695406
3V0TR1NRWDK8Q48P1D304JCNLON4A4,3DQQATL6OWW6LD057T0U6XSV9BS4IA,Est 2-to-3 minute job for 35 cents: Draw bounding box around 20 items,Draw bounding boxes around the requested item(s),bounding box,$0.02,Wed Nov 20 21:03:27 PST 2019,25,BatchId:3843733;OriginalHitTemplateId:928390838;,3600,259200,Sat Nov 23 21:03:27 PST 2019,,,31QTRG6Q2XVXXZQ455E6ZN0EKZOYPY,A6381MY3CURAX,Submitted,Wed Nov 20 21:16:21 PST 2019,Wed Nov 20 21:35:25 PST 2019,Sat Nov 23 21:35:25 PST 2019,,,,1144,100% (1/1),100% (1/1),100% (1/1),https://kstonedev.s3-us-west-2.amazonaws.com/W241/openimages/11ca5d6eb7a78462.jpg,"[{""""height"""":413,""""label"""":""""Car"""",""""left"""":143,""""top"""":154,""""width"""":867}]",612,1024,,,28.2636102003919
3YLTXLH3EIO9PK2M535GO3AMPF8PHQ,3DQQATL6OWW6LD057T0U6XSV9BS4IA,Est 2-to-3 minute job for 35 cents: Draw bounding box around 20 items,Draw bounding boxes around the requested item(s),bounding box,$0.02,Wed Nov 20 21:03:27 PST 2019,25,BatchId:3843733;OriginalHitTemplateId:928390838;,3600,259200,Sat Nov 23 21:03:27 PST 2019,,,3A0EX8ZRNC6VT5PUM0W543VP3V9BYQ,A6381MY3CURAX,Submitted,Wed Nov 20 21:16:24 PST 2019,Wed Nov 20 21:36:26 PST 2019,Sat Nov 23 21:36:26 PST 2019,,,,1202,100% (1/1),100% (1/1),100% (1/1),https://kstonedev.s3-us-west-2.amazonaws.com/W241/openimages/11cbd39c3b7f1cb0.jpg,"[{""""height"""":169,""""label"""":""""Car"""",""""left"""":412,""""top"""":215,""""width"""":352}]",678,1024,,,27.897125233982
3L1EFR8WXWN4J1V9TOLJZSYU4WE9FI,3DQQATL6OWW6LD057T0U6XSV9BS4IA,Est 2-to-3 minute job for 35 cents: Draw bounding box around 20 items,Draw bounding boxes around the requested item(s),bounding box,$0.02,Wed Nov 20 21:03:27 PST 2019,25,BatchId:3843733;OriginalHitTemplateId:928390838;,3600,259200,Sat Nov 23 21:03:27 PST 2019,,,3EO896NRA0D5U2OC0MMNUAMNWY0JTU,A6381MY3CURAX,Submitted,Wed Nov 20 21:17:09 PST 2019,Wed Nov 20 21:39:11 PST 2019,Sat Nov 23 21:39:11 PST 2019,,,,1322,100% (1/1),100% (1/1),100% (1/1),https://kstonedev.s3-us-west-2.amazonaws.com/W241/openimages/11cc2d6f28ef43e8.jpg,"[{""""height"""":200,""""label"""":""""Car"""",""""left"""":370,""""top"""":311,""""width"""":240}]",768,1024,,,15.212992
3FDWKV9VDQK893BTDMKNQE5HEIZUM0,3DQQATL6OWW6LD057T0U6XSV9BS4IA,Est 2-to-3 minute job for 35 cents: Draw bounding box around 20 items,Draw bounding boxes around the requested item(s),bounding box,$0.02,Wed Nov 20 21:03:27 PST 2019,25,BatchId:3843733;OriginalHitTemplateId:928390838;,3600,259200,Sat Nov 23 21:03:27 PST 2019,,,3VD82FOHKU629WDYUDJ2DW3576AOCZ,A6381MY3CURAX,Submitted,Wed Nov 20 21:16:39 PST 2019,Wed Nov 20 21:37:33 PST 2019,Sat Nov 23 21:37:33 PST 2019,,,,1254,100% (1/1),100% (1/1),100% (1/1),https://kstonedev.s3-us-west-2.amazonaws.com/W241/openimages/11f2911acdd13dfc.jpg,"[{""""height"""":245,""""label"""":""""Car"""",""""left"""":351,""""top"""":309,""""width"""":552}]",682,1024,,,15.0699029272238
3FW4EL5A4O69INYYKKRX5MWRPMZ22Z,3DQQATL6OWW6LD057T0U6XSV9BS4IA,Est 2-to-3 minute job for 35 cents: Draw bounding box around 20 items,Draw bounding boxes around the requested item(s),bounding box,$0.02,Wed Nov 20 21:03:27 PST 2019,25,BatchId:3843733;OriginalHitTemplateId:928390838;,3600,259200,Sat Nov 23 21:03:27 PST 2019,,,3LS2AMNW5J863XNHZVKXX1SMBLBQO6,A6381MY3CURAX,Submitted,Wed Nov 20 21:16:51 PST 2019,Wed Nov 20 21:38:48 PST 2019,Sat Nov 23 21:38:48 PST 2019,,,,1317,100% (1/1),100% (1/1),100% (1/1),https://kstonedev.s3-us-west-2.amazonaws.com/W241/openimages/120d043fcfb8d619.jpg,"[{""""height"""":336,""""label"""":""""Car"""",""""left"""":155,""""top"""":281,""""width"""":731}]",717,1024,,,84.6487100862462
3PIOQ99R814ERLWTPNZN3TUHJ89UN0,3DQQATL6OWW6LD057T0U6XSV9BS4IA,Est 2-to-3 minute job for 35 cents: Draw bounding box around 20 items,Draw bounding boxes around the requested item(s),bounding box,$0.02,Wed Nov 20 21:03:27 PST 2019,25,BatchId:3843733;OriginalHitTemplateId:928390838;,3600,259200,Sat Nov 23 21:03:27 PST 2019,,,3I3WADAZ9UMHAB4JF3WUZQXVFPOO5R,A6381MY3CURAX,Submitted,Wed Nov 20 21:16:16 PST 2019,Wed Nov 20 21:33:56 PST 2019,Sat Nov 23 21:33:56 PST 2019,,,,1060,100% (1/1),100% (1/1),100% (1/1),https://kstonedev.s3-us-west-2.amazonaws.com/W241/openimages/1242767b37ed4c77.jpg,"[{""""height"""":293,""""label"""":""""Car"""",""""left"""":119,""""top"""":178,""""width"""":455}]",768,1024,,,22.9172652598241
3ZLW647WBODY35UHOK52OW1JV0Z23A,3DQQATL6OWW6LD057T0U6XSV9BS4IA,Est 2-to-3 minute job for 35 cents: Draw bounding box around 20 items,Draw bounding boxes around the requested item(s),bounding box,$0.02,Wed Nov 20 21:03:27 PST 2019,25,BatchId:3843733;OriginalHitTemplateId:928390838;,3600,259200,Sat Nov 23 21:03:27 PST 2019,,,3NS0A6KXC8QRPC7AY8Q2JLVOP25GZ3,A6381MY3CURAX,Submitted,Wed Nov 20 21:15:38 PST 2019,Wed Nov 20 21:16:33 PST 2019,Sat Nov 23 21:16:33 PST 2019,,,,55,100% (1/1),100% (1/1),100% (1/1),https://kstonedev.s3-us-west-2.amazonaws.com/W241/openimages/125dab7404579318.jpg,"[{""""height"""":177,""""label"""":""""Car"""",""""left"""":159,""""top"""":378,""""width"""":418}]",683,1024,,,119.848531454722
3V7ICJJA0DYD9EDH7R3WZUWT3684BZ,3DQQATL6OWW6LD057T0U6XSV9BS4IA,Est 2-to-3 minute job for 35 cents: Draw bounding box around 20 items,Draw bounding boxes around the requested item(s),bounding box,$0.02,Wed Nov 20 21:03:27 PST 2019,25,BatchId:3843733;OriginalHitTemplateId:928390838;,3600,259200,Sat Nov 23 21:03:27 PST 2019,,,3YJ6NA41JFY72AV5J5D3P0LQ7VFJPP,A6381MY3CURAX,Submitted,Wed Nov 20 21:16:12 PST 2019,Wed Nov 20 21:32:56 PST 2019,Sat Nov 23 21:32:56 PST 2019,,,,1004,100% (1/1),100% (1/1),100% (1/1),https://kstonedev.s3-us-west-2.amazonaws.com/W241/openimages/1271622877a21c47.jpg,"[{""""height"""":76,""""label"""":""""Car"""",""""left"""":143,""""top"""":416,""""width"""":80}]",768,1024,,,993.238158151306
39AYGO6AGI2TPA6ST51KNNG1GMS6NB,3DQQATL6OWW6LD057T0U6XSV9BS4IA,Est 2-to-3 minute job for 35 cents: Draw bounding box around 20 items,Draw bounding boxes around the requested item(s),bounding box,$0.02,Wed Nov 20 21:03:26 PST 2019,25,BatchId:3843733;OriginalHitTemplateId:928390838;,3600,259200,Sat Nov 23 21:03:26 PST 2019,,,3EJJQNKU9VNWNHGU8XE7II5QVPYRHR,A9E9L9MWEZOPN,Submitted,Thu Nov 21 17:11:02 PST 2019,Thu Nov 21 17:11:16 PST 2019,Sun Nov 24 17:11:16 PST 2019,,,,14,100% (1/1),100% (1/1),100% (1/1),https://kstonedev.s3-us-west-2.amazonaws.com/W241/openimages/1002f337f91b7932.jpg,"[{""""height"""":206,""""label"""":""""Car"""",""""left"""":362,""""top"""":443,""""width"""":163}]",1024,1024,,,168.646726137075
32TMVRKDHQGU7GFA4FJM8S6SV0N480,3DQQATL6OWW6LD057T0U6XSV9BS4IA,Est 2-to-3 minute job for 35 cents: Draw bounding box around 20 items,Draw bounding boxes around the requested item(s),bounding box,$0.02,Wed Nov 20 21:03:26 PST 2019,25,BatchId:3843733;OriginalHitTemplateId:928390838;,3600,259200,Sat Nov 23 21:03:26 PST 2019,,,3Y5140Z9D1YB7ZBZ1NS3DZ6QUKQPIR,A9E9L9MWEZOPN,Submitted,Thu Nov 21 17:15:34 PST 2019,Thu Nov 21 17:15:45 PST 2019,Sun Nov 24 17:15:45 PST 2019,,,,11,100% (1/1),100% (1/1),100% (1/1),https://kstonedev.s3-us-west-2.amazonaws.com/W241/openimages/101fa29afd6608fc.jpg,"[{""""height"""":69,""""label"""":""""Car"""",""""left"""":857,""""top"""":392,""""width"""":161}]",576,1024,,,10.8865321795089
3W3RSPVVHV9O3LT8DAJ8Q1QSED9ULY,3DQQATL6OWW6LD057T0U6XSV9BS4IA,Est 2-to-3 minute job for 35 cents: Draw bounding box around 20 items,Draw bounding boxes around the requested item(s),bounding box,$0.02,Wed Nov 20 21:03:26 PST 2019,25,BatchId:3843733;OriginalHitTemplateId:928390838;,3600,259200,Sat Nov 23 21:03:26 PST 2019,,,3VZLGYJEYPS2BY20NIQ677VJSW0ZXL,A9E9L9MWEZOPN,Submitted,Thu Nov 21 17:14:14 PST 2019,Thu Nov 21 17:14:27 PST 2019,Sun Nov 24 17:14:27 PST 2019,,,,13,100% (1/1),100% (1/1),100% (1/1),https://kstonedev.s3-us-west-2.amazonaws.com/W241/openimages/10496f2878b93ee9.jpg,"[{""""height"""":257,""""label"""":""""Car"""",""""left"""":113,""""top"""":322,""""width"""":739}]",768,1024,,,10.0032916237249
3SMIWMMK74N4EF57HOQAZC78CKDWUT,3DQQATL6OWW6LD057T0U6XSV9BS4IA,Est 2-to-3 minute job for 35 cents: Draw bounding box around 20 items,Draw bounding boxes around the requested item(s),bounding box,$0.02,Wed Nov 20 21:03:26 PST 2019,25,BatchId:3843733;OriginalHitTemplateId:928390838;,3600,259200,Sat Nov 23 21:03:26 PST 2019,,,3JMSRU9HQMCCWE69RGBBYCXGOFKEVS,A9E9L9MWEZOPN,Submitted,Thu Nov 21 17:13:29 PST 2019,Thu Nov 21 17:13:44 PST 2019,Sun Nov 24 17:13:44 PST 2019,,,,15,100% (1/1),100% (1/1),100% (1/1),https://kstonedev.s3-us-west-2.amazonaws.com/W241/openimages/104b3a47edc67285.jpg,"[{""""height"""":287,""""label"""":""""Car"""",""""left"""":299,""""top"""":713,""""width"""":218}]",1024,685,,,1047.78106348797
3O0M2G5VD9KULLYK97P08O13F6549P,3DQQATL6OWW6LD057T0U6XSV9BS4IA,Est 2-to-3 minute job for 35 cents: Draw bounding box around 20 items,Draw bounding boxes around the requested item(s),bounding box,$0.02,Wed Nov 20 21:03:26 PST 2019,25,BatchId:3843733;OriginalHitTemplateId:928390838;,3600,259200,Sat Nov 23 21:03:26 PST 2019,,,3W8CV64QJ6HQJHK8EGELRX5WP3TH9V,A9E9L9MWEZOPN,Submitted,Thu Nov 21 17:13:11 PST 2019,Thu Nov 21 17:13:28 PST 2019,Sun Nov 24 17:13:28 PST 2019,,,,17,100% (1/1),100% (1/1),100% (1/1),https://kstonedev.s3-us-west-2.amazonaws.com/W241/openimages/108eeb6df9f6b036.jpg,"[{""""height"""":171,""""label"""":""""Car"""",""""left"""":532,""""top"""":393,""""width"""":448}]",740,1024,,,16.9648776509345
336OE47KJ524RUU7ME0FVY9RQRMWVI,3DQQATL6OWW6LD057T0U6XSV9BS4IA,Est 2-to-3 minute job for 35 cents: Draw bounding box around 20 items,Draw bounding boxes around the requested item(s),bounding box,$0.02,Wed Nov 20 21:03:26 PST 2019,25,BatchId:3843733;OriginalHitTemplateId:928390838;,3600,259200,Sat Nov 23 21:03:26 PST 2019,,,3GFK2QRXXDZPFKDL6PN4GKAHIVN5WS,A9E9L9MWEZOPN,Submitted,Thu Nov 21 17:10:46 PST 2019,Thu Nov 21 17:11:02 PST 2019,Sun Nov 24 17:11:02 PST 2019,,,,16,100% (1/1),100% (1/1),100% (1/1),https://kstonedev.s3-us-west-2.amazonaws.com/W241/openimages/10a170e703878553.jpg,"[{""""height"""":175,""""label"""":""""Car"""",""""left"""":294,""""top"""":335,""""width"""":372}]",671,1024,,,15.962839842924
3INZSNUD9387LHHD2IQTBSV9SJY9D7,3DQQATL6OWW6LD057T0U6XSV9BS4IA,Est 2-to-3 minute job for 35 cents: Draw bounding box around 20 items,Draw bounding boxes around the requested item(s),bounding box,$0.02,Wed Nov 20 21:03:26 PST 2019,25,BatchId:3843733;OriginalHitTemplateId:928390838;,3600,259200,Sat Nov 23 21:03:26 PST 2019,,,3B837J3LDSELDQUAJRQ6MWCS40FRSC,A9E9L9MWEZOPN,Submitted,Thu Nov 21 17:11:31 PST 2019,Thu Nov 21 17:11:44 PST 2019,Sun Nov 24 17:11:44 PST 2019,,,,13,100% (1/1),100% (1/1),100% (1/1),https://kstonedev.s3-us-west-2.amazonaws.com/W241/openimages/10e57672e496cc18.jpg,"[{""""height"""":60,""""label"""":""""Car"""",""""left"""":316,""""top"""":419,""""width"""":118}]",680,1024,,,37.8131666215558
335VBRUREMICDNVDYD1DHADUSVZ9E0,3DQQATL6OWW6LD057T0U6XSV9BS4IA,Est 2-to-3 minute job for 35 cents: Draw bounding box around 20 items,Draw bounding boxes around the requested item(s),bounding box,$0.02,Wed Nov 20 21:03:26 PST 2019,25,BatchId:3843733;OriginalHitTemplateId:928390838;,3600,259200,Sat Nov 23 21:03:26 PST 2019,,,3TE22NPXPFUVAZQ1IEYBG0LCY6T440,A9E9L9MWEZOPN,Submitted,Thu Nov 21 17:11:17 PST 2019,Thu Nov 21 17:11:30 PST 2019,Sun Nov 24 17:11:30 PST 2019,,,,13,100% (1/1),100% (1/1),100% (1/1),https://kstonedev.s3-us-west-2.amazonaws.com/W241/openimages/116257e7260fdb51.jpg,"[{""""height"""":161,""""label"""":""""Car"""",""""left"""":140,""""top"""":419,""""width"""":407}]",683,1024,,,9.03463078411778
39KV3A5D2BP99NC2KBNYSVQ3YWJS77,3DQQATL6OWW6LD057T0U6XSV9BS4IA,Est 2-to-3 minute job for 35 cents: Draw bounding box around 20 items,Draw bounding boxes around the requested item(s),bounding box,$0.02,Wed Nov 20 21:03:26 PST 2019,25,BatchId:3843733;OriginalHitTemplateId:928390838;,3600,259200,Sat Nov 23 21:03:26 PST 2019,,,3NGMS9VZTP0F6VKFMCQDY8FUCMBFFN,A9E9L9MWEZOPN,Submitted,Thu Nov 21 17:14:47 PST 2019,Thu Nov 21 17:15:03 PST 2019,Sun Nov 24 17:15:03 PST 2019,,,,16,100% (1/1),100% (1/1),100% (1/1),https://kstonedev.s3-us-west-2.amazonaws.com/W241/openimages/117c0a56e9f25a6c.jpg,"[{""""height"""":263,""""label"""":""""Car"""",""""left"""":182,""""top"""":286,""""width"""":522}]",686,1024,,,21.0577142089378
3B623HUYK78D91HLUGF46VMY9GPS8U,3DQQATL6OWW6LD057T0U6XSV9BS4IA,Est 2-to-3 minute job for 35 cents: Draw bounding box around 20 items,Draw bounding boxes around the requested item(s),bounding box,$0.02,Wed Nov 20 21:03:27 PST 2019,25,BatchId:3843733;OriginalHitTemplateId:928390838;,3600,259200,Sat Nov 23 21:03:27 PST 2019,,,3LOTDFNYABHHHH6AC10D2W1U7P1FWL,A9E9L9MWEZOPN,Submitted,Thu Nov 21 17:15:46 PST 2019,Thu Nov 21 17:15:59 PST 2019,Sun Nov 24 17:15:59 PST 2019,,,,13,100% (1/1),100% (1/1),100% (1/1),https://kstonedev.s3-us-west-2.amazonaws.com/W241/openimages/118ae565963194f2.jpg,"[{""""height"""":121,""""label"""":""""Car"""",""""left"""":538,""""top"""":612,""""width"""":257}]",768,1024,,,13.7365995553512
3QTFNPMJD90VDKQ3VAYVKL9WLQOZNU,3DQQATL6OWW6LD057T0U6XSV9BS4IA,Est 2-to-3 minute job for 35 cents: Draw bounding box around 20 items,Draw bounding boxes around the requested item(s),bounding box,$0.02,Wed Nov 20 21:03:27 PST 2019,25,BatchId:3843733;OriginalHitTemplateId:928390838;,3600,259200,Sat Nov 23 21:03:27 PST 2019,,,39KFRKBFIRDFCZE3Q51RANVOAYROYE,A9E9L9MWEZOPN,Submitted,Thu Nov 21 17:11:45 PST 2019,Thu Nov 21 17:12:01 PST 2019,Sun Nov 24 17:12:01 PST 2019,,,,16,100% (1/1),100% (1/1),100% (1/1),https://kstonedev.s3-us-west-2.amazonaws.com/W241/openimages/11a5ec59de4bf422.jpg,"[{""""height"""":111,""""label"""":""""Car"""",""""left"""":560,""""top"""":369,""""width"""":191}]",768,1024,,,10.4512039902041
3E24UO25R28B7V64UK1X2CG66WX6OQ,3DQQATL6OWW6LD057T0U6XSV9BS4IA,Est 2-to-3 minute job for 35 cents: Draw bounding box around 20 items,Draw bounding boxes around the requested item(s),bounding box,$0.02,Wed Nov 20 21:03:27 PST 2019,25,BatchId:3843733;OriginalHitTemplateId:928390838;,3600,259200,Sat Nov 23 21:03:27 PST 2019,,,3WAKVUDHU0YRAK2ZZIN0WG3GOL77UA,A9E9L9MWEZOPN,Submitted,Thu Nov 21 17:15:22 PST 2019,Thu Nov 21 17:15:34 PST 2019,Sun Nov 24 17:15:34 PST 2019,,,,12,100% (1/1),100% (1/1),100% (1/1),https://kstonedev.s3-us-west-2.amazonaws.com/W241/openimages/11b13f14591a1541.jpg,"[{""""height"""":153,""""label"""":""""Car"""",""""left"""":193,""""top"""":364,""""width"""":330}]",768,1024,,,11.8014349224284
3V0TR1NRWDK8Q48P1D304JCNLON4A4,3DQQATL6OWW6LD057T0U6XSV9BS4IA,Est 2-to-3 minute job for 35 cents: Draw bounding box around 20 items,Draw bounding boxes around the requested item(s),bounding box,$0.02,Wed Nov 20 21:03:27 PST 2019,25,BatchId:3843733;OriginalHitTemplateId:928390838;,3600,259200,Sat Nov 23 21:03:27 PST 2019,,,3E7TUJ2EGG4971F6SKVV0CQYXB09DE,A9E9L9MWEZOPN,Submitted,Thu Nov 21 17:12:34 PST 2019,Thu Nov 21 17:12:59 PST 2019,Sun Nov 24 17:12:59 PST 2019,,,,25,100% (1/1),100% (1/1),100% (1/1),https://kstonedev.s3-us-west-2.amazonaws.com/W241/openimages/11ca5d6eb7a78462.jpg,"[{""""height"""":412,""""label"""":""""Car"""",""""left"""":151,""""top"""":149,""""width"""":849}]",612,1024,,,952.547123817223
3YLTXLH3EIO9PK2M535GO3AMPF8PHQ,3DQQATL6OWW6LD057T0U6XSV9BS4IA,Est 2-to-3 minute job for 35 cents: Draw bounding box around 20 items,Draw bounding boxes around the requested item(s),bounding box,$0.02,Wed Nov 20 21:03:27 PST 2019,25,BatchId:3843733;OriginalHitTemplateId:928390838;,3600,259200,Sat Nov 23 21:03:27 PST 2019,,,3WJEQKOXACKTKP9Z4XP0V509EWFA14,A9E9L9MWEZOPN,Submitted,Thu Nov 21 17:14:27 PST 2019,Thu Nov 21 17:14:46 PST 2019,Sun Nov 24 17:14:46 PST 2019,,,,19,100% (1/1),100% (1/1),100% (1/1),https://kstonedev.s3-us-west-2.amazonaws.com/W241/openimages/11cbd39c3b7f1cb0.jpg,"[{""""height"""":179,""""label"""":""""Car"""",""""left"""":418,""""top"""":217,""""width"""":345}]",678,1024,,,52.3730070306674
3L1EFR8WXWN4J1V9TOLJZSYU4WE9FI,3DQQATL6OWW6LD057T0U6XSV9BS4IA,Est 2-to-3 minute job for 35 cents: Draw bounding box around 20 items,Draw bounding boxes around the requested item(s),bounding box,$0.02,Wed Nov 20 21:03:27 PST 2019,25,BatchId:3843733;OriginalHitTemplateId:928390838;,3600,259200,Sat Nov 23 21:03:27 PST 2019,,,3NL0RFNU0J5GO1F436LRNHA8VSJ4KQ,A9E9L9MWEZOPN,Submitted,Thu Nov 21 17:12:02 PST 2019,Thu Nov 21 17:12:20 PST 2019,Sun Nov 24 17:12:20 PST 2019,,,,18,100% (1/1),100% (1/1),100% (1/1),https://kstonedev.s3-us-west-2.amazonaws.com/W241/openimages/11cc2d6f28ef43e8.jpg,"[{""""height"""":184,""""label"""":""""Car"""",""""left"""":365,""""top"""":327,""""width"""":254}]",768,1024,,,55.726377493668
3FDWKV9VDQK893BTDMKNQE5HEIZUM0,3DQQATL6OWW6LD057T0U6XSV9BS4IA,Est 2-to-3 minute job for 35 cents: Draw bounding box around 20 items,Draw bounding boxes around the requested item(s),bounding box,$0.02,Wed Nov 20 21:03:27 PST 2019,25,BatchId:3843733;OriginalHitTemplateId:928390838;,3600,259200,Sat Nov 23 21:03:27 PST 2019,,,3M0BCWMB8ZER40UU7ZEHJ6A9SR9BWZ,A9E9L9MWEZOPN,Submitted,Thu Nov 21 17:12:59 PST 2019,Thu Nov 21 17:13:10 PST 2019,Sun Nov 24 17:13:10 PST 2019,,,,11,100% (1/1),100% (1/1),100% (1/1),https://kstonedev.s3-us-west-2.amazonaws.com/W241/openimages/11f2911acdd13dfc.jpg,"[{""""height"""":259,""""label"""":""""Car"""",""""left"""":344,""""top"""":312,""""width"""":561}]",682,1024,,,87.5357332046589
3FW4EL5A4O69INYYKKRX5MWRPMZ22Z,3DQQATL6OWW6LD057T0U6XSV9BS4IA,Est 2-to-3 minute job for 35 cents: Draw bounding box around 20 items,Draw bounding boxes around the requested item(s),bounding box,$0.02,Wed Nov 20 21:03:27 PST 2019,25,BatchId:3843733;OriginalHitTemplateId:928390838;,3600,259200,Sat Nov 23 21:03:27 PST 2019,,,36H9ULYP66CVBX6B52HYD67M5TSFJQ,A9E9L9MWEZOPN,Submitted,Thu Nov 21 17:15:03 PST 2019,Thu Nov 21 17:15:21 PST 2019,Sun Nov 24 17:15:21 PST 2019,,,,18,100% (1/1),100% (1/1),100% (1/1),https://kstonedev.s3-us-west-2.amazonaws.com/W241/openimages/120d043fcfb8d619.jpg,"[{""""height"""":330,""""label"""":""""Car"""",""""left"""":144,""""top"""":286,""""width"""":745}]",717,1024,,,53.6213634467418
3PIOQ99R814ERLWTPNZN3TUHJ89UN0,3DQQATL6OWW6LD057T0U6XSV9BS4IA,Est 2-to-3 minute job for 35 cents: Draw bounding box around 20 items,Draw bounding boxes around the requested item(s),bounding box,$0.02,Wed Nov 20 21:03:27 PST 2019,25,BatchId:3843733;OriginalHitTemplateId:928390838;,3600,259200,Sat Nov 23 21:03:27 PST 2019,,,31QNSG6A5VBTCNVMWFMV0OLRRUF78U,A9E9L9MWEZOPN,Submitted,Thu Nov 21 17:13:45 PST 2019,Thu Nov 21 17:14:00 PST 2019,Sun Nov 24 17:14:00 PST 2019,,,,15,100% (1/1),100% (1/1),100% (1/1),https://kstonedev.s3-us-west-2.amazonaws.com/W241/openimages/1242767b37ed4c77.jpg,"[{""""height"""":287,""""label"""":""""Car"""",""""left"""":109,""""top"""":187,""""width"""":447}]",768,1024,,,55.126496738669
3ZLW647WBODY35UHOK52OW1JV0Z23A,3DQQATL6OWW6LD057T0U6XSV9BS4IA,Est 2-to-3 minute job for 35 cents: Draw bounding box around 20 items,Draw bounding boxes around the requested item(s),bounding box,$0.02,Wed Nov 20 21:03:27 PST 2019,25,BatchId:3843733;OriginalHitTemplateId:928390838;,3600,259200,Sat Nov 23 21:03:27 PST 2019,,,3PS7W85Z83KGOQB3EAVA5G8K0XO9TX,A9E9L9MWEZOPN,Submitted,Thu Nov 21 17:14:01 PST 2019,Thu Nov 21 17:14:14 PST 2019,Sun Nov 24 17:14:14 PST 2019,,,,13,100% (1/1),100% (1/1),100% (1/1),https://kstonedev.s3-us-west-2.amazonaws.com/W241/openimages/125dab7404579318.jpg,"[{""""height"""":170,""""label"""":""""Car"""",""""left"""":164,""""top"""":391,""""width"""":410}]",683,1024,,,36.8580724382014
3V7ICJJA0DYD9EDH7R3WZUWT3684BZ,3DQQATL6OWW6LD057T0U6XSV9BS4IA,Est 2-to-3 minute job for 35 cents: Draw bounding box around 20 items,Draw bounding boxes around the requested item(s),bounding box,$0.02,Wed Nov 20 21:03:27 PST 2019,25,BatchId:3843733;OriginalHitTemplateId:928390838;,3600,259200,Sat Nov 23 21:03:27 PST 2019,,,3EG49X351YU0NOIPLDTVA92ONS3X6S,A9E9L9MWEZOPN,Submitted,Thu Nov 21 17:12:21 PST 2019,Thu Nov 21 17:12:34 PST 2019,Sun Nov 24 17:12:34 PST 2019,,,,13,100% (1/1),100% (1/1),100% (1/1),https://kstonedev.s3-us-west-2.amazonaws.com/W241/openimages/1271622877a21c47.jpg,"[{""""height"""":54,""""label"""":""""Car"""",""""left"""":148,""""top"""":433,""""width"""":70}]",768,1024,,,994.489146043005
3O0M2G5VD9KULLYK97P08O13F6549P,3DQQATL6OWW6LD057T0U6XSV9BS4IA,Est 2-to-3 minute job for 35 cents: Draw bounding box around 20 items,Draw bounding boxes around the requested item(s),bounding box,$0.02,Wed Nov 20 21:03:26 PST 2019,25,BatchId:3843733;OriginalHitTemplateId:928390838;,3600,259200,Sat Nov 23 21:03:26 PST 2019,,,3YMU66OBIRQ5YR7GSMKVJERJTD0GHR,ALJNN2WJURB3,Submitted,Thu Nov 21 00:32:34 PST 2019,Thu Nov 21 00:33:44 PST 2019,Sun Nov 24 00:33:44 PST 2019,,,,70,100% (1/1),100% (1/1),100% (1/1),https://kstonedev.s3-us-west-2.amazonaws.com/W241/openimages/108eeb6df9f6b036.jpg,"[{""""height"""":168,""""label"""":""""Car"""",""""left"""":536,""""top"""":387,""""width"""":444}]",740,1024,,,11.3196054099362
3B623HUYK78D91HLUGF46VMY9GPS8U,3DQQATL6OWW6LD057T0U6XSV9BS4IA,Est 2-to-3 minute job for 35 cents: Draw bounding box around 20 items,Draw bounding boxes around the requested item(s),bounding box,$0.02,Wed Nov 20 21:03:27 PST 2019,25,BatchId:3843733;OriginalHitTemplateId:928390838;,3600,259200,Sat Nov 23 21:03:27 PST 2019,,,3TOK3KHVJX0WXFI23WBRXABR6WV7O3,ALJNN2WJURB3,Submitted,Thu Nov 21 00:34:05 PST 2019,Thu Nov 21 00:35:19 PST 2019,Sun Nov 24 00:35:19 PST 2019,,,,74,100% (1/1),100% (1/1),100% (1/1),https://kstonedev.s3-us-west-2.amazonaws.com/W241/openimages/118ae565963194f2.jpg,"[{""""height"""":127,""""label"""":""""Car"""",""""left"""":537,""""top"""":609,""""width"""":268}]",768,1024,,,15.934967549443
